KMJ 101,139.99
KMJ 102,139.99
KMJ 1025-BLK,17.95
KMJ 1025-BLU,17.95
KMJ 1025-RED,17.95
KMJ 103,139.99
KMJ 1030211-114KIT,89.99
KMJ 1030213-114KIT,89.99
KMJ 1035001-104KIT,109.99
KMJ 1035001-105KIT,109.99
KMJ 1035001-106KIT,109.99
KMJ 1035001-107KIT,109.99
KMJ 1035001-108KIT,79.99
KMJ 1035001-109KIT,79.99
KMJ 1035001-110KIT,79.99
KMJ 1035001-110KIT,0
KMJ 1035001-111KIT,79.99
KMJ 1035001-112KIT,79.99
KMJ 1035001-113KIT,79.99
KMJ 1035001-114KIT,82.48
KMJ 1035001-115KIT,64.99
KMJ 1035002-100KIT,109.99
KMJ 1035002-101KIT,109.99
KMJ 1035002-102KIT,109.99
KMJ 1035002-108KIT,79.99
KMJ 1035002-109KIT,79.99
KMJ 1035002-110KIT,89.99
KMJ 1035002-111KIT,89.99
KMJ 1035002-112KIT,79.99
KMJ 1035002-113KIT,79.99
KMJ 1035002-114KIT,89.99
KMJ 1035002-115KIT,64.99
KMJ 1035004-104KIT,105.99
KMJ 1035004-105KIT,105.99
KMJ 1035004-107KIT,105.99
KMJ 1035004-108KIT,79.99
KMJ 1035004-109KIT,79.99
KMJ 1035004-110KIT,79.99
KMJ 1035004-111KIT,79.99
KMJ 1035004-112KIT,79.99
KMJ 1035004-113KIT,79.99
KMJ 1035004-114KIT,79.99
KMJ 1035004-115KIT,64.99
KMJ 1035011-104KIT,109.99
KMJ 1035011-105KIT,109.99
KMJ 1035011-106KIT,109.99
KMJ 1035011-107KIT,109.99
KMJ 1035011-108KIT,79.99
KMJ 1035011-109KIT,79.99
KMJ 1035011-110KIT,79.99
KMJ 1035011-111KIT,79.99
KMJ 1035011-112KIT,79.99
KMJ 1035011-113KIT,79.99
KMJ 1035011-114KIT,84.99
KMJ 1035012-108KIT,79.99
KMJ 1035012-109KIT,79.99
KMJ 1035012-110KIT,89.99
KMJ 1035012-111KIT,89.99
KMJ 1035012-112KIT,79.99
KMJ 1035012-113KIT,79.99
KMJ 1035012-114KIT,89.99
KMJ 1035012-115KIT,64.99
KMJ 1035113-114KIT,89.99
KMJ 104,139.99
KMJ 1040011-112KIT,79.99
KMJ 1040-2KIT,379.99
KMJ 1040-2KIT,379.99
KMJ 1040-2KIT,379.99
KMJ 1040-2KIT,379.99
KMJ 1041-2KIT,379.99
KMJ 1041-2KIT,379.99
KMJ 1041-2KIT,379.99
KMJ 1041-2KIT,379.99
KMJ 1045511-112KIT,104.99
KMJ 105,139.99
KMJ 1050-2KIT,379.99
KMJ 1050-2KIT,379.99
KMJ 1057BK-50KIT,35.99
KMJ 1057BL-50KIT,35.99
KMJ 1057CA-50KIT,35.99
KMJ 1057R-50KIT,35.99
KMJ 106,139.99
KMJ 107,139.99
KMJ 108,139.99
KMJ 109,139.99
KMJ 110,139.99
KMJ 111,139.99
KMJ 111003-21KIT,139.95
KMJ 11101-2KIT,586.98
KMJ 111015-22KIT,139.95
KMJ 111026-22KIT,139.95
KMJ 111026-23KIT,139.95
KMJ 1130211-116KIT,104.99
KMJ 1130211-117KIT,104.99
KMJ 1130211-118KIT,99.99
KMJ 1131811-116KIT,94.99
KMJ 1131811-117KIT,94.99
KMJ 1131811-118KIT,89.99
KMJ 1135011-116KIT,104.99
KMJ 1135011-117KIT,104.99
KMJ 1135011-118KIT,99.99
KMJ 1135111-116KIT,94.99
KMJ 1135111-117KIT,94.99
KMJ 1135111-118KIT,89.99
KMJ 1141-2KIT,116.4
KMJ 1142-2KIT,120.7
KMJ 1142N6-1KIT,133.59
KMJ 1142P12-2KIT,131.74
KMJ 1142P6-1KIT,129.34
KMJ 1143-2KIT,118.24
KMJ 1143P12-2KIT,135.24
KMJ 1143P6-1KIT,134.84
KMJ 1144011-116KIT,94.99
KMJ 1144011-117KIT,94.99
KMJ 1144011-118KIT,89.99
KMJ 1144A-2KIT,110.69
KMJ 1145A-2KIT,112.74
KMJ 1145AN6-1KIT,125.34
KMJ 1145AP12-2KIT,117.21
KMJ 1146011-116KIT,94.99
KMJ 1146011-117KIT,94.99
KMJ 1146011-118KIT,89.99
KMJ 1146A-2KIT,112.5
KMJ 1146A-3KIT,118.24
KMJ 1146AP12-2KIT,124.74
KMJ 1149-2KIT,125.46
KMJ 1149P12-2KIT,140.69
KMJ 1161-2KIT,142.24
KMJ 1161N6-1KIT,151.34
KMJ 1162A-2KIT,113.64
KMJ 1163A-2KIT,111.7
KMJ 1163A-3KIT,117.44
KMJ 1163AP12-2KIT,124.75
KMJ 1163AP6-1KIT,121.14
KMJ 1164-2KIT,122.74
KMJ 1164N6-1KIT,122.34
KMJ 1165-2KIT,113.74
KMJ 1168LS-2KIT,120.74
KMJ 1168LSN6-1KIT,132.3
KMJ 1168LSP12-2KIT,132.7
KMJ 1168LSP6-1KIT,129.29
KMJ 1169-2KIT,123.24
KMJ 1181-1KIT,112.06
KMJ 1181LS-1KIT,114.35
KMJ 1183-1KIT,118.12
KMJ 1183N6-5KIT,134.84
KMJ 1183P12-1KIT,130.34
KMJ 1183P6-5KIT,127.88
KMJ 1231-2KIT,125.44
KMJ 1241LS-2KIT,140.74
KMJ 1243A-2KIT,133.74
KMJ 1244A-2KIT,115.74
KMJ 1244AN6-1KIT,133.34
KMJ 1244AP12-2KIT,133.74
KMJ 1244AP6-1KIT,127.34
KMJ 1248A-2KIT,180.7
KMJ 1249-2KIT,131.74
KMJ 1255,24
KMJ 125RLkit,35.99
KMJ 1261-2KIT,109.69
KMJ 1262-2KIT,116.24
KMJ 1263-2KIT,118.74
KMJ 1264-2KIT,119.54
KMJ 1266-2KIT,114.68
KMJ 1266N6-1KIT,121.14
KMJ 1266P6-1KIT,123.34
KMJ 1281-1KIT,107.3
KMJ 1281DV-1KIT,109.34
KMJ 1281P6-5KIT,122.34
KMJ 1282-1KIT,113.34
KMJ 1282N6-5KIT,130.34
KMJ 1282P6-5KIT,122.34
KMJ 1283-1KIT,112.34
KMJ 1283N6-5KIT,125.84
KMJ 1283P12-2KIT,123.24
KMJ 1283P6-5KIT,123.84
KMJ 1284-1KIT,112.34
KMJ 1285LS-1KIT,137.84
KMJ 1285LSN6-1KIT,152.34
KMJ 1285LSP12-1KIT,154.34
KMJ 1285LSP6-1KIT,149.34
KMJ 1300,53.99
KMJ 1300 + 2650,99.99
KMJ 135-1990,89.99
KMJ 1361A-2KIT,116.4
KMJ 1362-2KIT,145.24
KMJ 1362N6-1KIT,166.34
KMJ 1362P6-1KIT,165.34
KMJ 1381A-1KIT,109.5
KMJ 1382-1KIT,112.34
KMJ 1383-1KIT,126.67
KMJ 1383P6-5KIT,145.84
KMJ 1384-1KIT,116.34
KMJ 1400,109.99
KMJ 1441A-2KIT,120.74
KMJ 1442-2KIT,120.65
KMJ 1442N6-1KIT,129.84
KMJ 1442P12-2KIT,127.74
KMJ 1442P6-1KIT,125.34
KMJ 1461-2KIT,120.74
KMJ 1481-1KIT,111.8
KMJ 1482-1KIT,113.84
KMJ 1483A-1KIT,126.84
KMJ 1484A-1KIT,122.34
KMJ 1485A-1KIT,126.34
KMJ 1511-2KIT,114.48
KMJ 15121-5KIT,330.84
KMJ 1541-2KIT,113.24
KMJ 1541N6-1KIT,124.34
KMJ 1541P12-2KIT,121.25
KMJ 1541P6-1KIT,120.85
KMJ 1542-2KIT,112.74
KMJ 1542N6-1KIT,120.84
KMJ 1542P12-2KIT,125.44
KMJ 1542P6-1KIT,120.84
KMJ 1543-2KIT,115.74
KMJ 1544-2KIT,142.74
KMJ 1544P12-2KIT,164.74
KMJ 1545N6-1KIT,125
KMJ 1545P6-1KIT,120.84
KMJ 1546-2KIT,117.74
KMJ 1546N6-1KIT,122.34
KMJ 1548-2KIT,117.74
KMJ 1548N6-1KIT,131.84
KMJ 1549-2KIT,152.54
KMJ 1549N6-1KIT,162.34
KMJ 1561-2KIT,115.74
KMJ 1561P12-2KIT,121.24
KMJ 1561P6-1KIT,124.34
KMJ 15622,15.25
KMJ 1562-2KIT,108.74
KMJ 15628,18.99
KMJ 1562P12-2KIT,121.24
KMJ 1563B-2KIT,120.74
KMJ 1564-2KIT,141.74
KMJ 1564N6-1KIT,147.34
KMJ 1564P12-2KIT,148.54
KMJ 1564P6-1KIT,148.14
KMJ 1565-2KIT,140.74
KMJ 1566-2KIT,157.39
KMJ 1567-2KIT,149.7
KMJ 1567A-2KIT,157.74
KMJ 1567AN6-1KIT,165.34
KMJ 1568-2KIT,164.74
KMJ 1568N6-1KIT,176.34
KMJ 1568P6-1KIT,176.34
KMJ 1569-2KIT,184.74
KMJ 1569N6-1KIT,184.34
KMJ 1569P6-1KIT,201.34
KMJ 15801-2KIT,229.99
KMJ 15802-1KIT,234.99
KMJ 15802-2KIT,229.99
KMJ 15803-2KIT,229.99
KMJ 15805-1KIT,245.99
KMJ 15805-2KIT,245.99
KMJ 15806-2KIT,229.99
KMJ 15807-2KIT,229.99
KMJ 15811-1KIT,185.99
KMJ 15811-2KIT,185.99
KMJ 1581-1KIT,112.34
KMJ 15816-2KIT,229.99
KMJ 15817-1KIT,229.99
KMJ 15817-2KIT,229.99
KMJ 15818-2KIT,252.99
KMJ 15819-2KIT,245.99
KMJ 1581N6-5KIT,124.34
KMJ 15820-2KIT,376.99
KMJ 1582-1KIT,112.34
KMJ 15822-2KIT,229.99
KMJ 1584-1KIT,114.84
KMJ 1585A-1KIT,134.34
KMJ 1585AP6-5KIT,154.84
KMJ 1587-1KIT,152.84
KMJ 1587P6-5KIT,166.84
KMJ 1589-1KIT,125.34
KMJ 160-0471,45.75
KMJ 1603,22.99
KMJ 1631-2KIT,115.98
KMJ 1632-2KIT,117.74
KMJ 1641-2KIT,112.74
KMJ 1642-2KIT,115.24
KMJ 1645-2KIT,116.24
KMJ 1647-2KIT,160.24
KMJ 165200-1KIT,565.75
KMJ 165200-2KIT,615.75
KMJ 165200-3KIT,615.75
KMJ 165200-4KIT,615.75
KMJ 1661-2KIT,113.24
KMJ 166200-1KIT,565.75
KMJ 166200-2KIT,615.75
KMJ 166200-3KIT,615.75
KMJ 166200-4KIT,615.75
KMJ 1662-2KIT,115.74
KMJ 1665A-2KIT,117.74
KMJ 1741-2KIT,111.24
KMJ 1761-2KIT,112.64
KMJ 1762LS-2KIT,121.74
KMJ 177200-1KIT,565
KMJ 177200-2KIT,615
KMJ 177200-3KIT,615
KMJ 177200-4KIT,615
KMJ 18021-3KIT,159.49
KMJ 1803U,24.19
KMJ 1831-2KIT,169.74
KMJ 1832-2KIT,167.98
KMJ 1843-2KIT,122.74
KMJ 1844-2KIT,152.74
KMJ 1844N6-1KIT,161.34
KMJ 1845-5KIT,159.84
KMJ 1845N6-1KIT,172.34
KMJ 1847A-2KIT,107.7
KMJ 1847AN6-1KIT,122.34
KMJ 1847V-2KIT,112.7
KMJ 1847VN6-1KIT,118.84
KMJ 1848-2KIT,150.24
KMJ 1849-2KIT,115.24
KMJ 1849N6-1KIT,125.66
KMJ 1863-2KIT,114.74
KMJ 1864A-2KIT,123.7
KMJ 1864AN6-1KIT,138.34
KMJ 1864LA-2KIT,121.7
KMJ 1865-2KIT,115.2
KMJ 1866-2KIT,117.74
KMJ 1867A-2KIT,114.24
KMJ 1868-2KIT,115.24
KMJ 1869-2KIT,115.24
KMJ 1884-1KIT,153.84
KMJ 1885-1KIT,121.54
KMJ 1886-1KIT,115.24
KMJ 1900001-119KIT,39.99
KMJ 1900003-119KIT,39.99
KMJ 1900004-119KIT,39.99
KMJ 19234,24.99
KMJ 1941-2KIT,113.24
KMJ 1942-2KIT,113.49
KMJ 1943-2KIT,112.74
KMJ 1944-2KIT,126.74
KMJ 1945-2KIT,131.44
KMJ 1946-2KIT,116.54
KMJ 1947-2KIT,115.24
KMJ 1948-2KIT,115.24
KMJ 1949-2KIT,142.74
KMJ 2000-32,11.99
KMJ 2000BK-11KIT,89.89
KMJ 2000BK-12KIT,42.9
KMJ 2000BK-13KIT,49.9
KMJ 2000BK-20KIT,62.9
KMJ 2000BK-21KIT,119.89
KMJ 2000BK-22KIT,79.9
KMJ 2000BK-23KIT,94.75
KMJ 2000BK-40KIT,119.9
KMJ 2000BK-41KIT,165.9
KMJ 2000BK-42KIT,149.9
KMJ 2000BK-43KIT,174.9
KMJ 2000BL-11KIT,89.89
KMJ 2000BL-12KIT,42.9
KMJ 2000BL-13KIT,49.9
KMJ 2000BL-20KIT,62.9
KMJ 2000BL-21KIT,119.89
KMJ 2000BL-22KIT,79.9
KMJ 2000BL-23KIT,94.75
KMJ 2000BL-40KIT,119.9
KMJ 2000BL-41KIT,165.9
KMJ 2000BL-42KIT,149.9
KMJ 2000BL-43KIT,174.9
KMJ 2000CM-11KIT,89.89
KMJ 2000CM-12KIT,42.9
KMJ 2000CM-13KIT,49.9
KMJ 2000CM-20KIT,62.9
KMJ 2000CM-21KIT,119.89
KMJ 2000CM-22KIT,79.9
KMJ 2000CM-23KIT,93.9
KMJ 2000CM-40KIT,119.9
KMJ 2000CM-41KIT,165.9
KMJ 2000CM-42KIT,149.9
KMJ 2000CM-43KIT,174.9
KMJ 2000CM-44KIT,141.65
KMJ 2000GR-11KIT,89.89
KMJ 2000GR-12KIT,42.9
KMJ 2000GR-13KIT,49.9
KMJ 2000GR-20KIT,62.9
KMJ 2000GR-21KIT,119.89
KMJ 2000GR-22KIT,79.9
KMJ 2000GR-23KIT,93.9
KMJ 2000GR-40KIT,119.9
KMJ 2000GR-41KIT,165.9
KMJ 2000GR-42KIT,149.9
KMJ 2000GR-43KIT,174.9
KMJ 2000GR-44KIT,141.65
KMJ 2000OR-11KIT,89.89
KMJ 2000OR-12KIT,42.9
KMJ 2000OR-13KIT,49.9
KMJ 2000OR-20KIT,62.9
KMJ 2000OR-21KIT,119.89
KMJ 2000OR-22KIT,79.9
KMJ 2000OR-23KIT,93.9
KMJ 2000OR-40KIT,119.9
KMJ 2000OR-41KIT,165.9
KMJ 2000OR-42KIT,149.9
KMJ 2000OR-43KIT,174.9
KMJ 2000OR-44KIT,141.65
KMJ 2000PK-11KIT,89.89
KMJ 2000PK-12KIT,42.9
KMJ 2000PK-13KIT,49.9
KMJ 2000PK-20KIT,62.9
KMJ 2000PK-21KIT,119.89
KMJ 2000PK-22KIT,79.9
KMJ 2000PK-23KIT,93.9
KMJ 2000PK-40KIT,119.9
KMJ 2000PK-41KIT,165.9
KMJ 2000PK-42KIT,149.9
KMJ 2000PK-43KIT,174.9
KMJ 2000PK-44KIT,141.65
KMJ 2000PT-11KIT,89.89
KMJ 2000PT-12KIT,42.9
KMJ 2000PT-13KIT,49.9
KMJ 2000PT-20KIT,62.9
KMJ 2000PT-21KIT,119.89
KMJ 2000PT-22KIT,79.9
KMJ 2000PT-23KIT,93.9
KMJ 2000PT-40KIT,119.9
KMJ 2000PT-41KIT,165.9
KMJ 2000PT-42KIT,149.9
KMJ 2000PT-43KIT,174.9
KMJ 2000PT-44KIT,141.65
KMJ 2000PU-22KIT,79.75
KMJ 2000PU-42KIT,149.75
KMJ 2000RD-11KIT,89.89
KMJ 2000RD-12KIT,42.9
KMJ 2000RD-13KIT,49.9
KMJ 2000RD-20KIT,62.9
KMJ 2000RD-21KIT,119.89
KMJ 2000RD-22KIT,79.9
KMJ 2000RD-23KIT,94.75
KMJ 2000RD-40KIT,119.9
KMJ 2000RD-41KIT,165.9
KMJ 2000RD-42KIT,149.9
KMJ 2000RD-43KIT,174.9
KMJ 2000RD-44KIT,141.65
KMJ 2000SL-11KIT,89.89
KMJ 2000SL-12KIT,42.9
KMJ 2000SL-13KIT,49.9
KMJ 2000SL-20KIT,62.9
KMJ 2000SL-21KIT,119.89
KMJ 2000SL-22KIT,79.9
KMJ 2000SL-23KIT,94.75
KMJ 2000SL-40KIT,119.9
KMJ 2000SL-41KIT,165.9
KMJ 2000SL-42KIT,149.9
KMJ 2000SL-43KIT,174.9
KMJ 2000SL-44KIT,141.65
KMJ 2000WH-11KIT,89.89
KMJ 2000WH-12KIT,42.9
KMJ 2000WH-13KIT,49.9
KMJ 2000WH-20KIT,62.9
KMJ 2000WH-21KIT,119.89
KMJ 2000WH-22KIT,79.9
KMJ 2000WH-40KIT,119.9
KMJ 2000WH-41KIT,165.9
KMJ 2000WH-42KIT,149.9
KMJ 2000WH-43KIT,174.9
KMJ 2000WH-44KIT,141.65
KMJ 2000YL-11KIT,75.99
KMJ 2000YL-12KIT,42.9
KMJ 2000YL-13KIT,49.9
KMJ 2000YL-20KIT,62.9
KMJ 2000YL-21KIT,119.89
KMJ 2000YL-22KIT,79.9
KMJ 2000YL-23KIT,94.75
KMJ 2000YL-40KIT,119.9
KMJ 2000YL-41KIT,165.9
KMJ 2000YL-42KIT,149.9
KMJ 2000YL-43KIT,174.9
KMJ 2000YL-44KIT,141.65
KMJ 20038-1,25.98
KMJ 2016KIT,15.99
KMJ 2033KIT,18.99
KMJ 209608-2KIT,390.99
KMJ 209609-2KIT,377.99
KMJ 209612-0KIT,269.99
KMJ 209613-1KIT,289.99
KMJ 209614-2KIT,299.99
KMJ 209615-3KIT,309.99
KMJ 209616-0KIT,209.99
KMJ 209617-1KIT,299.99
KMJ 209618-2KIT,209.99
KMJ 209619-3KIT,269.99
KMJ 209624-2KIT,258.99
KMJ 209625-2KIT,258.99
KMJ 209626-3KIT,268.99
KMJ 209627-3KIT,268.99
KMJ 209633-4KIT,229.99
KMJ 209634-4KIT,258.99
KMJ 209635-1KIT,258.99
KMJ 209636-1KIT,258.99
KMJ 209670-0KIT,222.99
KMJ 209671-1KIT,222.99
KMJ 209672-2KIT,222.99
KMJ 209673-3KIT,222.99
KMJ 209674-0KIT,217.99
KMJ 209675-1KIT,227.99
KMJ 209676-2KIT,227.99
KMJ 209677-3KIT,207.99
KMJ 209678-4KIT,222.99
KMJ 209679-4KIT,222.99
KMJ 209689-4KIT,282.99
KMJ 209690-1KIT,289.99
KMJ 209691-2KIT,292.99
KMJ 209692-3KIT,302.99
KMJ 209694-4KIT,282.99
KMJ 209695-1KIT,290.99
KMJ 209697-3KIT,302.99
KMJ 21000,10.99
KMJ 21002,11.99
KMJ 2161-2KIT,161.24
KMJ 2161N6-1KIT,178.34
KMJ 2161P6-1KIT,172.34
KMJ 22010,16.99
KMJ 2295KIT,49.99
KMJ 2330,159.99
KMJ 23400,7.99
KMJ 23400+23450,11.99
KMJ 23400+23495,15.99
KMJ 23450,7.99
KMJ 23495,11.99
KMJ 2430501+134-2501,132.62
KMJ 25050,23.99
KMJ 2540001+134-2501,159.99
KMJ 2541-2KIT,139.74
KMJ 2541N6-1KIT,149.34
KMJ 2542-2KIT,136.5
KMJ 2542701+135-2501,184.99
KMJ 2561N6-1KIT,192.34
KMJ 2561P6-1KIT,187.84
KMJ 2562-2KIT,131.74
KMJ 260-6764,64.99
KMJ 260-6765,57.94
KMJ 260-6766,57.94
KMJ 2751,39.99
KMJ 2752,34.99
KMJ 2753,38.99
KMJ 2754,36.99
KMJ 2801,49.99
KMJ 2801,0
KMJ 2801-51KIT,79.99
KMJ 2801-52KIT,79.99
KMJ 2801-53KIT,79.99
KMJ 2801-54KIT,79.99
KMJ 2802,49.99
KMJ 2802-51KIT,79.99
KMJ 2802-52KIT,79.99
KMJ 2802-53KIT,79.99
KMJ 2802-54KIT,79.99
KMJ 2803,0
KMJ 2803,49.99
KMJ 2803-51KIT,79.99
KMJ 2803-52KIT,79.99
KMJ 2803-53KIT,79.99
KMJ 2803-54KIT,79.99
KMJ 284112-1KIT,195.99
KMJ 284112-2KIT,195.99
KMJ 284112-3KIT,195.99
KMJ 284117-1KIT,200.99
KMJ 284117-2KIT,200.99
KMJ 284117-3KIT,200.99
KMJ 2841-2KIT,115.74
KMJ 2842-2KIT,115.24
KMJ 2843-2KIT,156.5
KMJ 2843N6-1KIT,180.34
KMJ 2844-2KIT,141.74
KMJ 2845-2KIT,139.02
KMJ 2846-2KIT,139.74
KMJ 2847-2KIT,136.74
KMJ 2847N6-1KIT,142.34
KMJ 2848-2KIT,132.64
KMJ 2861-2KIT,119.74
KMJ 2862-2KIT,139.65
KMJ 2863-2KIT,152.64
KMJ 2865-2KIT,161.74
KMJ 2866-2KIT,332.74
KMJ 287-99721,27.99
KMJ 287-99721-99722,43.99
KMJ 3000BL-11KIT,89.89
KMJ 3000BL-12KIT,42.9
KMJ 3000BL-13KIT,49.9
KMJ 3000BL-20KIT,62.9
KMJ 3000BL-21KIT,119.89
KMJ 3000BL-22KIT,79.9
KMJ 3000BL-23KIT,94.75
KMJ 3000BL-40KIT,119.9
KMJ 3000BL-41KIT,165.9
KMJ 3000BL-42KIT,149.9
KMJ 3000BL-43KIT,174.9
KMJ 3000RD-11KIT,89.89
KMJ 3000RD-12KIT,42.9
KMJ 3000RD-13KIT,49.9
KMJ 3000RD-20KIT,62.9
KMJ 3000RD-21KIT,119.89
KMJ 3000RD-22KIT,79.9
KMJ 3000RD-23KIT,94.75
KMJ 3000RD-40KIT,119.9
KMJ 3000RD-41KIT,165.9
KMJ 3000RD-42KIT,149.9
KMJ 3000RD-43KIT,174.9
KMJ 3000VT-11KIT,89.89
KMJ 3000VT-12KIT,42.9
KMJ 3000VT-13KIT,49.9
KMJ 3000VT-20KIT,62.9
KMJ 3000VT-21KIT,119.89
KMJ 3000VT-22KIT,79.9
KMJ 3000VT-23KIT,94.75
KMJ 3000VT-40KIT,119.9
KMJ 3000VT-41KIT,165.9
KMJ 3000VT-42KIT,149.9
KMJ 3000VT-43KIT,174.9
KMJ 3000WH-11KIT,89.89
KMJ 3000WH-12KIT,42.9
KMJ 3000WH-13KIT,49.9
KMJ 3000WH-20KIT,62.9
KMJ 3000WH-21KIT,119.89
KMJ 3000WH-22KIT,79.9
KMJ 3000WH-23KIT,94.75
KMJ 3000WH-40KIT,119.9
KMJ 3000WH-41KIT,165.9
KMJ 3000WH-42KIT,149.9
KMJ 3000WH-43KIT,174.9
KMJ 3039,38.49
KMJ 3042-14KIT,21.75
KMJ 3042-18KIT,20
KMJ 3045-30KIT,13
KMJ 31045L,48.99
KMJ 31045R,48.99
KMJ 31896,37
KMJ 31M,34.99
KMJ 31M + 5809,44.99
KMJ 32234,58.99
KMJ 32236,58.99
KMJ 32238,58.99
KMJ 3251+S7478X,72.59
KMJ 3252+7478X,84.99
KMJ 3308RED PC,120.99
KMJ 34234,18.99
KMJ 34258-12,19.99
KMJ 34258-14,19.99
KMJ 34258-15,20.99
KMJ 34258-16,20.99
KMJ 34258-17,20.99
KMJ 34301L,110.99
KMJ 34301R,110.99
KMJ 34313L,115.99
KMJ 34313R,115.99
KMJ 34393L,55.59
KMJ 34393R,55.59
KMJ 34394L,62.64
KMJ 34394R,62.64
KMJ 350RR,59.99
KMJ 35295-L-RND,104.99
KMJ 35295-R-RND,104.99
KMJ 3915-2KIT,26.99
KMJ 41009,19.99
KMJ 41908-KIT,18
KMJ 4443-BLK,23.99
KMJ 4443-BLU,23.99
KMJ 4443-RED,23.99
KMJ 445251,85.99
KMJ 4501610+A1007KIT,59.99
KMJ 4501612+100924,109.95
KMJ 4501612+100931,99.95
KMJ 4501612+A1007KIT,55.99
KMJ 4501612-KIT,74.99
KMJ 5225-16KIT,18.5
KMJ 5225-17KIT,29
KMJ 5225-25KIT,22.99
KMJ 5225-26KIT,33.75
KMJ 5225-45KIT,35.99
KMJ 5225-46KIT,50
KMJ 525802-42KIT-AT,999.99
KMJ 525802-42KIT-MT,999.99
KMJ 525802KIT,693.68
KMJ 54211BK-1KIT,159.99
KMJ 54211-BLK,130.99
KMJ 54211WH-1KIT,159.99
KMJ 54211-WHITE,130.99
KMJ 54212,38.99
KMJ 54213BK-2KIT,164.99
KMJ 54213-BLACK,149.99
KMJ 54213WH-2KIT,164.99
KMJ 54213-WHITE,149.99
KMJ 54214,38.99
KMJ 5501016,15.5
KMJ 5501017,15.5
KMJ 55016,26.98
KMJ 55017,32.99
KMJ 56141-1KIT,71.95
KMJ 56591-1KIT,71.95
KMJ 56601-1KIT,71.9
KMJ 56681-1KIT,71.95
KMJ 56681-2KIT,109.27
KMJ 56691-1KIT,71.95
KMJ 56731-1KIT,71.95
KMJ 56791-2KIT,97.12
KMJ 56821-1KIT,71.95
KMJ 56881-1KIT,71.91
KMJ 56911-1KIT,71.95
KMJ 56931-1KIT,71.05
KMJ 58101-1KIT,71.95
KMJ 58171-1KIT,71.95
KMJ 58171-2KIT,97.12
KMJ 58181-1KIT,71.95
KMJ 5958-1KIT,58.99
KMJ 6040B+6041,48.99
KMJ 6101C-SET,59.99
KMJ 6101P2-SET,44.99
KMJ 6101P-SET,44.99
KMJ 6113P-SET,47.99
KMJ 6116C-SET,48.99
KMJ 6181-22KIT,137.49
KMJ 6181-23KIT,127.59
KMJ 6181-24KIT,137.49
KMJ 6181-25KIT,137.49
KMJ 6181-28KIT,142.99
KMJ 6181P-20KIT,154.99
KMJ 6181P-21KIT,154.99
KMJ 6181P-32KIT,156.49
KMJ 6181P-33KIT,156.49
KMJ 6181P-34KIT,162.99
KMJ 6186-22KIT,136.49
KMJ 6186-23KIT,141.99
KMJ 6186-24KIT,136.49
KMJ 6186-25KIT,136.49
KMJ 6186P-20KIT,156.49
KMJ 6186P-21KIT,161.99
KMJ 6186P-32KIT,156.49
KMJ 6186P-33KIT,156.49
KMJ 6186P-34KIT,156.49
KMJ 6191-22KIT,126.49
KMJ 6191-23KIT,126.49
KMJ 6191-24KIT,126.49
KMJ 6191-25KIT,126.49
KMJ 6191-28KIT,142.99
KMJ 6191P-20KIT,154.99
KMJ 6191P-21KIT,154.99
KMJ 6191P-32KIT,154.99
KMJ 6191P-33KIT,154.99
KMJ 6191P-34KIT,154.99
KMJ 6196-22KIT,129.99
KMJ 6196P-20KIT,156.49
KMJ 6196P-21KIT,156.49
KMJ 6196P-32KIT,156.49
KMJ 6196P-33KIT,156.49
KMJ 6196P-34KIT,156.49
KMJ 6231X,98.99
KMJ 6728-3-22KIT,119.99
KMJ 6728-3-23KIT,119.99
KMJ 6728-3-24KIT,119.99
KMJ 6728-3-25KIT,119.99
KMJ 6728-3-26KIT,119.99
KMJ 6728-3-27KIT,119.99
KMJ 6728-3-28KIT,119.99
KMJ 6728-3-29KIT,119.99
KMJ 6728-3P-20KIT,144.99
KMJ 6728-3P-21KIT,144.99
KMJ 6728-3P-32KIT,139.99
KMJ 6728-3P-33KIT,139.99
KMJ 6728-3P-34KIT,139.99
KMJ 7005-0KIT,64.99
KMJ 7005-1KIT,74.99
KMJ 7005-2KIT,84.99
KMJ 7005-3KIT,106.99
KMJ 7005P (QTY 4),130.89
KMJ 7005P-0KIT,59.99
KMJ 7005P-1KIT,69.99
KMJ 7005P-2KIT,79.99
KMJ 7005P-3KIT,101.99
KMJ 7005PBK-0KIT,59.99
KMJ 7005PBK-1KIT,69.99
KMJ 7005PBK-2KIT,79.99
KMJ 7005PBK-3KIT,101.99
KMJ 7010-0003,17.75
KMJ 7010-0004,17.75
KMJ 7104P-0KIT,85.99
KMJ 7104P-1KIT,90.99
KMJ 7104P-2KIT,90.99
KMJ 7104P-4KIT,132.99
KMJ 7104P-6KIT,132.99
KMJ 7104P-8KIT,69.99
KMJ 7104Z-0KIT,85.99
KMJ 7104Z-1KIT,90.99
KMJ 7104Z-2KIT,90.99
KMJ 7104Z-4KIT,132.99
KMJ 7104Z-6KIT,132.99
KMJ 7104Z-8KIT,82.49
KMJ 7105R-12KIT,138.11
KMJ 7105Z-0KIT,85.99
KMJ 7105Z-1KIT,90.99
KMJ 7105Z-2KIT,90.99
KMJ 7105Z-3KIT,100.99
KMJ 7105Z-4KIT,132.99
KMJ 7105Z-5KIT,100.99
KMJ 7105Z-6KIT,132.99
KMJ 7105Z-8KIT,78.99
KMJ 71081PBK-0KIT,86.98
KMJ 71081PBK-1KIT,96.99
KMJ 71081PBK-2KIT,96.99
KMJ 71081PBK-3KIT,116.99
KMJ 71081PBK-4KIT,138.99
KMJ 71081PBK-5KIT,116.99
KMJ 71081PBK-6KIT,138.99
KMJ 7108P-0KIT,86.99
KMJ 7108P-1KIT,96.99
KMJ 7108P-2KIT,96.99
KMJ 7108P-3KIT,106.99
KMJ 7108P-4KIT,128.99
KMJ 7108P-5KIT,106.99
KMJ 7108P-6KIT,128.99
KMJ 7108P-7KIT,76.99
KMJ 7108Z-0KIT,86.99
KMJ 7108Z-1KIT,96.99
KMJ 7108Z-2KIT,96.99
KMJ 7108Z-3KIT,106.99
KMJ 7108Z-4KIT,128.99
KMJ 7108Z-6KIT,128.99
KMJ 7108Z-7KIT,62.99
KMJ 711001-0KIT,139.9
KMJ 711011-0KIT,139.9
KMJ 711021-0KIT,139.9
KMJ 7117P-7KIT,93.49
KMJ 7117P-8KIT,93.49
KMJ 7117R-7KIT,82.49
KMJ 7117R-8KIT,82.49
KMJ 7117Z-7KIT,93.49
KMJ 7117Z-8KIT,93.49
KMJ 71181-4KIT,161.94
KMJ 71281-4KIT,159.34
KMJ 71281D-4KIT,159.34
KMJ 71381A-4KIT,160.94
KMJ 7195BOXW-KNNKIT,54.99
KMJ 7201P-0KIT,126.58
KMJ 7201P-2KIT,136.58
KMJ 7201P-5KIT,146.58
KMJ 7201P-6KIT,160.58
KMJ 7201P-8KIT,110.25
KMJ 7201R-0KIT,126.58
KMJ 7201R-2KIT,136.58
KMJ 7201R-5KIT,146.58
KMJ 7201R-6KIT,160.58
KMJ 7201R-8KIT,105.13
KMJ 7201Z-0KIT,126.58
KMJ 7201Z-2KIT,136.58
KMJ 7201Z-5KIT,146.58
KMJ 7201Z-6KIT,160.58
KMJ 7201Z-8KIT,99.99
KMJ 7283KIT,15.99
KMJ 7480Z-0KIT,102.39
KMJ 7480Z-1KIT,112.39
KMJ 7480Z-3KIT,122.39
KMJ 7480Z-4KIT,144.39
KMJ 7486,19.99
KMJ 7HO-181-4KIT,179.94
KMJ 7ML-181-4KIT,163.94
KMJ 80004+135-2501,130
KMJ 8051-3-22KIT,142.99
KMJ 8051-3-23KIT,148.49
KMJ 80651,24.99
KMJ 80652,34.99
KMJ 81005,53.99
KMJ 81008BK,129.99
KMJ 81012,145.99
KMJ 81013,60.75
KMJ 81100,39.99
KMJ 81100BK,36.99
KMJ 81101-1KIT,59.99
KMJ 81102,39.98
KMJ 81102 + DUR CH-8,54.99
KMJ 817481-2KIT,1219.99
KMJ 817552-1KIT,599.99
KMJ 817609-4KIT,1529.99
KMJ 817656-4KIT,1526.99
KMJ 817658-4KIT,1119.99
KMJ 817668-4KIT,1274.99
KMJ 817716-4KIT,1147.99
KMJ 817730-4KIT,1526.99
KMJ 860008-KIT,115.97
KMJ 860010-KIT,140.99
KMJ 86899,20.95
KMJ 86901,24.99
KMJ 870008-BLKIT,115.97
KMJ 870010-BLKIT,140.99
KMJ 8849POL+8842POL,96.99
KMJ 89800,69.99
KMJ 90003+234-2501,207.99
KMJ 9005,48.39
KMJ 9005-0KIT,63.88
KMJ 9005-1KIT,73.88
KMJ 9005-4KIT,98.88
KMJ 9005P-0KIT,61.68
KMJ 9005P-1KIT,71.68
KMJ 9005P-4KIT,96.68
KMJ 9005PBK-0KIT,61.68
KMJ 9005PBK-1KIT,71.68
KMJ 9005PBK-4KIT,96.68
KMJ 9067-AKIT,10.5
KMJ 9092-0KIT,80.99
KMJ 9092-1KIT,90.99
KMJ 9092-4KIT,115.99
KMJ 9092PBK-0KIT,61.98
KMJ 9092PBK-1KIT,71.98
KMJ 9092PBK-4KIT,96.98
KMJ 910-15460,74.99
KMJ 910-15461,74.99
KMJ 910-21900,79.95
KMJ 910-21955,56.99
KMJ 910-48601,95.99
KMJ 910-48603,96.99
KMJ 91082017,50.99
KMJ 910-82080,42.99
KMJ 910-82085,54.75
KMJ 91144A-5KIT,148.74
KMJ 91145A-5KIT,151.84
KMJ 91146A-5KIT,143.84
KMJ 91162A-5KIT,144.84
KMJ 91163A-5KIT,140.54
KMJ 91164-5KIT,142.84
KMJ 91181-5KIT,140.8
KMJ 91183-5KIT,154.84
KMJ 9121-40KIT,37.99
KMJ 9121-41KIT,42.99
KMJ 9122-40KIT,41.68
KMJ 9122-41KIT,46.68
KMJ 91241LS-5KIT,188.84
KMJ 91243A-5KIT,170.84
KMJ 9124-40KIT,38.99
KMJ 91261-5KIT,139.44
KMJ 91262-5KIT,148.8
KMJ 91266-5KIT,141.84
KMJ 91281-5KIT,140.8
KMJ 91281DV-5KIT,147.84
KMJ 91282-5KIT,143.34
KMJ 91283-5KIT,153.84
KMJ 91284-5KIT,150.84
KMJ 91285LS-5KIT,175.84
KMJ 91361A-5KIT,157.29
KMJ 91381A-5KIT,137.84
KMJ 91481-5KIT,144.84
KMJ 91482-5KIT,148.74
KMJ 915120,16.99
KMJ 91541-5KIT,144.84
KMJ 91542-5KIT,151.84
KMJ 91543-5KIT,147.34
KMJ 91546-5KIT,147.84
KMJ 91548-5KIT,160.84
KMJ 91561-5KIT,147.74
KMJ 91562-5KIT,147.34
KMJ 91563B-5KIT,160.84
KMJ 91564-5KIT,172.84
KMJ 91581-5KIT,145.84
KMJ 91582-5KIT,143.84
KMJ 91589-5KIT,159.84
KMJ 91641-5KIT,145.84
KMJ 91661-5KIT,147.34
KMJ 91662-5KIT,148.34
KMJ 91665A-5KIT,145.34
KMJ 91762-5KIT,174.84
KMJ 91847A-5KIT,142.34
KMJ 91865-5KIT,148.7
KMJ 91867A-5KIT,147.84
KMJ 91868-5KIT,153.84
KMJ 91869-5KIT,157.55
KMJ 91885-5KIT,153.84
KMJ 91886-5KIT,152.18
KMJ 91941-5KIT,152.18
KMJ 91942-5KIT,147.34
KMJ 91943-5KIT,151.84
KMJ 91944-5KIT,159.34
KMJ 91945-5KIT,161.34
KMJ 91946-5KIT,150.34
KMJ 9197-40KIT,43.88
KMJ 9197-41KIT,48.88
KMJ 9198-40KIT,42.78
KMJ 9198-41KIT,47.78
KMJ 9295,32.99
KMJ 9298,31.98
KMJ 9414PBK-0KIT,64.98
KMJ 9414PBK-1KIT,74.98
KMJ 9414PBK-4KIT,99.98
KMJ 9414PBO-0KIT,64.98
KMJ 9414PBO-1KIT,74.98
KMJ 9414PBO-4KIT,84.98
KMJ 9705-31KIT,54.99
KMJ 9705-PBK-31KIT,54.99
KMJ 9715-0KIT,101.28
KMJ 9715-1KIT,111.28
KMJ 9715-3KIT,121.28
KMJ 9715-4KIT,136.28
KMJ 9725-0KIT,92.48
KMJ 9725-1KIT,102.48
KMJ 9725-3KIT,112.48
KMJ 9725-4KIT,127.48
KMJ 9725-7KIT,87.99
KMJ 9725X-0KIT,90.28
KMJ 9725X-1KIT,100.28
KMJ 9725X-3KIT,110.28
KMJ 9725X-4KIT,125.28
KMJ 9726-0KIT,84.78
KMJ 9726-1KIT,94.78
KMJ 9726-3KIT,104.78
KMJ 9726-4KIT,119.78
KMJ 9726PBK-0KIT,84.78
KMJ 9726PBK-1KIT,94.78
KMJ 9726PBK-3KIT,104.78
KMJ 9726PBK-4KIT,119.78
KMJ 9728-13KIT,105.99
KMJ 9728-7KIT,94.99
KMJ 9728X-13KIT,105.99
KMJ 9728X-7KIT,93.99
KMJ 9729-13KIT,92.49
KMJ 9729-7KIT,79.99
KMJ 9731-0KIT,96.88
KMJ 9731-1KIT,106.88
KMJ 9731-3KIT,116.88
KMJ 9731-4KIT,131.88
KMJ 9731-7KIT,92.39
KMJ 9731PBK-0KIT,90.28
KMJ 9731PBK-1KIT,100.28
KMJ 9731PBK-3KIT,110.28
KMJ 9731PBK-4KIT,125.28
KMJ 9731Z-0KIT,92.48
KMJ 9731Z-1KIT,102.48
KMJ 9731Z-3KIT,112.48
KMJ 9731Z-4KIT,127.48
KMJ 9732PBK-0KIT,90.28
KMJ 9732PBK-1KIT,100.28
KMJ 9732PBK-3KIT,110.28
KMJ 9732PBK-4KIT,125.28
KMJ 9732Z-0KIT,97.98
KMJ 9732Z-1KIT,107.98
KMJ 9732Z-3KIT,117.98
KMJ 9732Z-4KIT,132.98
KMJ 9755,27.49
KMJ 9850-6500,70.99
KMJ 9851-8500,28.95
KMJ 9851-8520,15
KMJ 9851-8550,38.98
KMJ 99051-3KIT,234.82
KMJ 9AC-181-5KIT,145.84
KMJ 9AC-181V-5KIT,155.84
KMJ 9CH-161-5KIT,162.84
KMJ 9CH-181-5KIT,162.84
KMJ 9FO-181-5KIT,157.74
KMJ 9FO-182-5KIT,160.84
KMJ 9HO-143-5KIT,186.84
KMJ 9HO-181-5KIT,157.44
KMJ 9HO-182-5KIT,180.84
KMJ 9LU-1121A-5KIT,195.84
KMJ 9LU-143-5KIT,151.84
KMJ 9LU-144-5KIT,144.84
KMJ 9LU-148-5KIT,164.84
KMJ 9LU-163-5KIT,148.74
KMJ 9LU-164-5KIT,150.74
KMJ 9LU-181-5KIT,147.17
KMJ 9LU-183-5KIT,147.17
KMJ 9LU-281-5KIT,189.84
KMJ 9MC-181-5KIT,142.34
KMJ 9ML-141C-5KIT,151.84
KMJ 9ML-181-5KIT,150.84
KMJ 9ML-182-5KIT,155.84
KMJ 9ML-186A-5KIT,148.8
KMJ 9ML-187A-5KIT,214.84
KMJ 9MR-161A-5KIT,181.84
KMJ 9MR-LS2-5KIT,157.84
KMJ 9RR-162-5KIT,185.84
KMJ A4787KIT,40.69
KMJ A4870BK-KIT,19.79
KMJ A4870F-KIT,19.79
KMJ A4870OR-KIT,15.99
KMJ A5073KIT,72.99
KMJ A5074KIT,72.99
KMJ A5079KIT,79.99
KMJ A5080KIT,79.99
KMJ A6196-KIT,119.99
KMJ A9069KIT,31.99
KMJ A9070KIT,37.39
KMJ A9072KIT,27.49
KMJ A9119KIT,35.99
KMJ A9238KIT,37.39
KMJ A9292KIT,36.29
KMJ A9293KIT,26.39
KMJ A9309PAIR,27.5
KMJ A9309XPAIR,25.99
KMJ A9465KIT,32.99
KMJ A9466KIT,36.99
KMJ A9467KIT,41.79
KMJ A9517PAIR,25.99
KMJ A9517XPAIR,25.99
KMJ A9584KIT,40.99
KMJ A9608+A9605,60.99
KMJ A9702 KIT,65.99
KMJ A9702BK KIT,71.49
KMJ AC1001,189.99
KMJ AC1002,199.99
KMJ AC-181-1KIT,115.83
KMJ AC-181V-1KIT,119.34
KMJ AC-182A-1KIT,130.09
KMJ ACKIT,70.99
KMJ ACKIT-KNNKIT,87.99
KMJ BLKBELT,0
KMJ BP383,21.99
KMJ BRC0001-1KIT,99.98
KMJ BRC0001H-1KIT,99.98
KMJ BRC0002-1KIT,99.98
KMJ BRC0002H-1KIT,99.98
KMJ BRC0003-1KIT,99.98
KMJ BRC0003H-1KIT,99.98
KMJ BRC0004-1KIT,99.98
KMJ BRC0004H-1KIT,99.98
KMJ BRC0005-1KIT,99.98
KMJ BRC0006-1KIT,99.98
KMJ BRC0006H-1KIT,99.98
KMJ BRC0015-2KIT,99.98
KMJ BRC0016-2KIT,99.98
KMJ BRC0017-2KIT,99.98
KMJ BRC0018-2KIT,99.98
KMJ BRC0020-3KIT,99.98
KMJ BRC0020H-3KIT,99.98
KMJ BRC0021-3KIT,99.98
KMJ BRC0022-3KIT,99.98
KMJ BRC0022H-3KIT,99.98
KMJ BRC0023H-3KIT,99.98
KMJ BRC0024H-3KIT,99.98
KMJ BRC0025-3KIT,99.98
KMJ BRC0025H-3KIT,99.98
KMJ BRC0028-3KIT,99.98
KMJ BRC0028H-3KIT,99.98
KMJ BRC0029-3KIT,99.98
KMJ BRC0029H-3KIT,99.98
KMJ BRC0031-3KIT,99.98
KMJ BRC0032H-3KIT,99.98
KMJ BRC2001-4KIT,99.98
KMJ BRC2001H-4KIT,99.98
KMJ BRC2003-4KIT,99.98
KMJ BRC2003H-4KIT,99.98
KMJ BRC2004-4KIT,99.98
KMJ BRC2004H-4KIT,99.98
KMJ CH-161-2KIT,127.24
KMJ CH-181-1KIT,125.34
KMJ CM737,79.99
KMJ CM777-080,79.99
KMJ DG-302A,24.5
KMJ DG-302B,24.5
KMJ DG3-115D,649.99
KMJ DG3-186,649.99
KMJ DG-351W,25
KMJ DU-141-2KIT,132.48
KMJ EP-141-2KIT,112.74
KMJ EP-141N6-1KIT,126.63
KMJ EP-142-2KIT,123.74
KMJ ERK-SBC-350-2PRM-FT,289.99
KMJ ERK-SBF-302-FT,379.99
KMJ ES1001C,83.75
KMJ ES1001C,0
KMJ ES1002C,99.99
KMJ ES1004,119.95
KMJ ES1004C,133.4
KMJ ES1024C,159.99
KMJ ES1031C,96
KMJ ES1050C,84.99
KMJ FO-181-1KIT,122.84
KMJ FO-182-1KIT,126.84
KMJ FP302L SFI,59.99
KMJ FP302L-1KIT,79.99
KMJ FP302SR SFI,59.99
KMJ FP302SR-1KIT,79.99
KMJ FP302SRHO SFI,59.99
KMJ FP302SRHO-1KIT,79.99
KMJ FP305 SFI,59.99
KMJ FP305-1KIT,79.99
KMJ FP305L SFI,59.99
KMJ FP350 SFI,59.99
KMJ FP350-1KIT,79.99
KMJ FP350L SFI,59.99
KMJ FP351 SFI,59.99
KMJ FP396-1KIT,79.99
KMJ FP400 SFI,59.99
KMJ FP400-1KIT,79.99
KMJ FP440L,39.99
KMJ FP454 SFI,59.99
KMJ FP454-1KIT,79.99
KMJ FP454L SFI,69.99
KMJ FP460A SFI,69.99
KMJ FPH30228SFI,159.99
KMJ FPH30250SFI,139.99
KMJ GROMMET KIT A,13
KMJ GROMMET KIT B,12
KMJ GROMMET KIT C,11
KMJ HB119M594,89.99
KMJ HBF318C,119.99
KMJ HBF350B,139.99
KMJ HBF350C,139.99
KMJ HBF400B,139.99
KMJ HBF400C,129.99
KMJ HBF427B,125.99
KMJ HBF427C,125.99
KMJ HBF454B,169.99
KMJ HBF454C,169.99
KMJ HBS302,85.99
KMJ HBS350B,119.99
KMJ HBS400B,124.99
KMJ HBS427B,119.99
KMJ HBS427C,119.99
KMJ HC5001C,149.99
KMJ HC5002C,139.99
KMJ HC6001,139.99
KMJ HC6001+4501612,179.99
KMJ HC6002,149.99
KMJ HC6002+4501612,179.99
KMJ HC6004,159.99
KMJ HC6005,189.99
KMJ HC6005+4501612,239.99
KMJ HC6052,210.99
KMJ HC6104-KIT,74.99
KMJ HC7105,49.99
KMJ HC7106,130.95
KMJ HC7108,59.99
KMJ HC7108-WKIT,69.95
KMJ HC7110BK,59.99
KMJ HC7110R,59.99
KMJ HC8008,77.99
KMJ HC8011,69.99
KMJ HC8011P,94.99
KMJ HC8012,69.99
KMJ HC8012P,88
KMJ HC8021,80.99
KMJ HC8022,79.99
KMJ HC8022P,99
KMJ HC8935,95.5
KMJ HL-2148-1KIT,109.9
KMJ HL-2148-2KIT,95.99
KMJ HO-141-2KIT,149.74
KMJ HO-142-2KIT,184.74
KMJ HO-143-2KIT,153.74
KMJ HO-161A-2KIT,186.74
KMJ HO-181-1KIT,127.34
KMJ HO-182-1KIT,138.84
KMJ HP6135,419.99
KMJ HP6385,439
KMJ HP6535,439.99
KMJ HS537,34.99
KMJ HS577,36.99
KMJ HS582,36.99
KMJ JM1003C,46.99
KMJ JM1003C,0
KMJ JM1004C,38.99
KMJ JM1005C,55.99
KMJ JM1006C,69.99
KMJ JM1007C,42.99
KMJ JM1008C,39.99
KMJ JM1009C,42.99
KMJ JM1010C,34.99
KMJ JM1011C,39.99
KMJ JM1012C,39.99
KMJ JM2000C,109.99
KMJ JM2010,109.99
KMJ JM2010C,125.99
KMJ JM3101BK,44.99
KMJ JM3101BL,33.72
KMJ JM3101C,39.99
KMJ JM3101RD,39.99
KMJ JM6500CB,9.95
KMJ JM6502-5BL,84.99
KMJ JM6505CB,17.95
KMJ JM6507CB,18.99
KMJ JM6508R,85.99
KMJ JM6522R,73.5
KMJ JM6523BK,69.71
KMJ JM6651,56.25
KMJ JM6652,62.99
KMJ JM6652-1KIT,92.99
KMJ JM6927BK,27.99
KMJ JM6927R,27.99
KMJ JM6933,13.99
KMJ JM6936,30.99
KMJ JM6971R,19.99
KMJ JM6971R,19.99
KMJ JM6971R,19.99
KMJ JM6973BK,24.99
KMJ JM6981BK,26.99
KMJ JM6982BK,34.99
KMJ JM6991CL,35.49
KMJ JM6991R,34.49
KMJ JM7001BK,82.99
KMJ JM7001C,89.99
KMJ JM7001R,82.99
KMJ JM7001R,0
KMJ JM7002BK,97.29
KMJ JM7002C,107.22
KMJ JM7002R,97.29
KMJ JM7003BK,99.5
KMJ JM7003C,109.5
KMJ JM7701R,109.99
KMJ JM8081-6,99.99
KMJ JM8081-7,139.99
KMJ JM8091-7CA,82.99
KMJ JM8092-3,95.99
KMJ JM8092-3C,110.99
KMJ JM8092-7,84.99
KMJ JM8092-8,99.99
KMJ JM8092-8BLK PC,119.99
KMJ JM8093-3,76.99
KMJ JM8093-7,81.25
KMJ JM8093-8,82.99
KMJ JM8096-7,79.99
KMJ JM8096-7BLK PC,115.49
KMJ JM8097-7,84.99
KMJ JM8097-7BLK PC,115.49
KMJ JM8097-7SIL PC,115.49
KMJ JM8111-8P,69.99
KMJ JM8112-8P,76.99
KMJ JM8121-8P,64.99
KMJ JM8122-8P,64.99
KMJ JM8201-2P,87.99
KMJ JM8203-2S,89.09
KMJ JM9001P,35.75
KMJ JM9002P,36.75
KMJ JM9101C,39.99
KMJ JM9101P,34.95
KMJ JM9104P,64.99
KMJ JM9105P,39.95
KMJ JM9111P,49.99
KMJ JM9112P,54.99
KMJ JM9911-1P,29.99
KMJ JM9911-1P+JM9911-2P,53.99
KMJ JM9911-2P,29.99
KMJ LU-1121A-1KIT,167.34
KMJ LU-1122A-1KIT,155.34
KMJ LU-142A-2KIT,112.7
KMJ LU-142AP12-2KIT,124.74
KMJ LU-142AP6-1KIT,120.84
KMJ LU-143-2KIT,110.24
KMJ LU-143P12-2KIT,121.24
KMJ LU-144-2KIT,113.24
KMJ LU-144P12-2KIT,134.74
KMJ LU-145-2KIT,142.74
KMJ LU-145P12-2KIT,154.74
KMJ LU-146M-2KIT,130.74
KMJ LU-146MP12-2KIT,137.24
KMJ LU-146P12-2KIT,137.74
KMJ LU-147A-2KIT,127.74
KMJ LU-148-2KIT,125.74
KMJ LU-148P12-2KIT,133.74
KMJ LU-149-2KIT,122.7
KMJ LU-149P12-2KIT,126.74
KMJ LU-161-2KIT,135.24
KMJ LU-162A-2KIT,115.3
KMJ LU-162AP12-2KIT,121.75
KMJ LU-163-2KIT,115.24
KMJ LU-164-2KIT,119.74
KMJ LU-165-2KIT,124.74
KMJ LU-165P12-2KIT,127.24
KMJ LU-166A-2KIT,114.24
KMJ LU-166AP12-2KIT,121.24
KMJ LU-167-2KIT,142.74
KMJ LU-168LS-2KIT,164.74
KMJ LU-168LSP12-2KIT,182.7
KMJ LU-181A-1KIT,115.84
KMJ LU-186-1KIT,224.84
KMJ LU-186P12-1KIT,224.34
KMJ LU-186P6-5KIT,227.84
KMJ LU-187-1KIT,154.01
KMJ LU-243-2KIT,134.74
KMJ LU-244-2KIT,183.74
KMJ LU-263-2KIT,122.24
KMJ LU-281-1KIT,156.34
KMJ M55-1KIT,37.39
KMJ M55-4KIT,48.99
KMJ M55HV-2KIT,53.99
KMJ M55HV-3KIT,59.9
KMJ M68-3KIT,58.95
KMJ M68HV-3KIT,72.99
KMJ M77-1KIT,59.4
KMJ M77HV-2KIT,62.36
KMJ MA-141-2KIT,112.74
KMJ MC-181-1KIT,115.3
KMJ ME42000,22.9
KMJ ML-141C-2KIT,122.74
KMJ ML-141CP12-2KIT,121.24
KMJ ML-141CP6-1KIT,120.84
KMJ ML-161-2KIT,112.84
KMJ ML-162-2KIT,144.88
KMJ ML-162P12-2KIT,153.11
KMJ ML-181-1KIT,111.3
KMJ ML-181P6-5KIT,135.34
KMJ ML-182-1KIT,129.34
KMJ ML-186A-1KIT,115.84
KMJ ML-187A-1KIT,182.34
KMJ ML-189-1KIT,169.34
KMJ MR-143-2KIT,157.64
KMJ MR-144-2KIT,157.64
KMJ MR-145-2KIT,142.74
KMJ MR-147-2KIT,144.74
KMJ MR-161A-2KIT,156.24
KMJ MR-LS1-2KIT,114.74
KMJ MR-LS2-2KIT,117.74
KMJ MR-LS3-2KIT,120.74
KMJ NE-141-2KIT,170.74
KMJ NE-141P12-2KIT,180.74
KMJ NE-161-2KIT,175.98
KMJ NE-161P6-2KIT,179.24
KMJ PB602,105.99
KMJ PE220,89.99
KMJ PE220C,89.99
KMJ PE331,44.9
KMJ PE350R (QTY 6),270
KMJ PIK-M,189.99
KMJ PIK-V,189.99
KMJ PR230KIT,29.99
KMJ PR34B,23.99
KMJ PRB12344-060 + HAS2M5523060,459.99
KMJ PS320C,169.99
KMJ PTS502A3-2KIT,817
KMJ PTS502A4-2KIT,817
KMJ PTS502A6-2KIT,817
KMJ PTS503A3-2KIT,817
KMJ PTS503A4-2KIT,817
KMJ PTS503A6-2KIT,817
KMJ PTS503AS-2KIT,817
KMJ PTS504A3-2KIT,817
KMJ PTS504A4-2KIT,817
KMJ PTS504A6-2KIT,817
KMJ PTS504AS-2KIT,817
KMJ PTS508A3-2KIT,817
KMJ PTS508A4-2KIT,817
KMJ PTS508A6-2KIT,817
KMJ PTS510A3-2KIT,817
KMJ PTS510A4-2KIT,817
KMJ PTS510AS-2KIT,817
KMJ PTS533A3-2KIT,817
KMJ PTS533A4-2KIT,817
KMJ PTS533A6-2KIT,817
KMJ RM348,29.99
KMJ RR-162-2KIT,146.74
KMJ RR-162P12-2KIT,155.5
KMJ RR-164-2KIT,437.74
KMJ RR-164P12-2KIT,437.74
KMJ RR-181-1KIT,249.34
KMJ RR-181P12-1KIT,270.34
KMJ RR-182-1KIT,244.34
KMJ RR-BUNDLE-1,481.58
KMJ RR-BUNDLE-2,515.75
KMJ RR-BUNDLE-3,487.08
KMJ RR-BUNDLE-4,521.25
KMJ RR-BUNDLE-5,370.89
KMJ RR-BUNDLE-6,391.42
KMJ RR-BUNDLE-7,376.39
KMJ RR-BUNDLE-8,396.92
KMJ RRC1C40A,88.99
KMJ RRC1C40P-030010010,99.99
KMJ RRC1C40P-030010020,99.99
KMJ RRC1C40P-030010030,99.99
KMJ RRC1C40P-030010STD,99.99
KMJ RRC1C40P-030020010,99.99
KMJ RRC1C40P-030020020,99.99
KMJ RRC1C40P-030020030,99.99
KMJ RRC1C40P-030020STD,99.99
KMJ RRC1C40P-030030010,99.99
KMJ RRC1C40P-030030020,99.99
KMJ RRC1C40P-030030030,99.99
KMJ RRC1C40P-030030STD,99.99
KMJ RRC1C40P-030STD010,99.99
KMJ RRC1C40P-030STD020,99.99
KMJ RRC1C40P-030STD030,99.99
KMJ RRC1C40P-030STDSTD,99.99
KMJ RRC1C40P-040010010,99.99
KMJ RRC1C40P-040010020,99.99
KMJ RRC1C40P-040010030,99.99
KMJ RRC1C40P-040010STD,99.99
KMJ RRC1C40P-040020010,99.99
KMJ RRC1C40P-040020020,99.99
KMJ RRC1C40P-040020030,99.99
KMJ RRC1C40P-040020STD,99.99
KMJ RRC1C40P-040030010,99.99
KMJ RRC1C40P-040030020,99.99
KMJ RRC1C40P-040030030,99.99
KMJ RRC1C40P-040030STD,99.99
KMJ RRC1C40P-040STD010,99.99
KMJ RRC1C40P-040STD020,99.99
KMJ RRC1C40P-040STD030,99.99
KMJ RRC1C40P-040STDSTD,99.99
KMJ RRC1C40P-060010010,99.99
KMJ RRC1C40P-060010020,99.99
KMJ RRC1C40P-060010030,99.99
KMJ RRC1C40P-060010STD,99.99
KMJ RRC1C40P-060020010,99.99
KMJ RRC1C40P-060020020,99.99
KMJ RRC1C40P-060020030,99.99
KMJ RRC1C40P-060020STD,99.99
KMJ RRC1C40P-060030010,99.99
KMJ RRC1C40P-060030020,99.99
KMJ RRC1C40P-060030030,99.99
KMJ RRC1C40P-060030STD,99.99
KMJ RRC1C40P-060STD010,99.99
KMJ RRC1C40P-060STD020,99.99
KMJ RRC1C40P-060STD030,99.99
KMJ RRC1C40P-060STDSTD,99.99
KMJ RRC1C40P-STD010010,99.99
KMJ RRC1C40P-STD010020,99.99
KMJ RRC1C40P-STD010030,99.99
KMJ RRC1C40P-STD010STD,99.99
KMJ RRC1C40P-STD020010,99.99
KMJ RRC1C40P-STD020020,99.99
KMJ RRC1C40P-STD020030,99.99
KMJ RRC1C40P-STD020STD,99.99
KMJ RRC1C40P-STD030010,99.99
KMJ RRC1C40P-STD030020,99.99
KMJ RRC1C40P-STD030030,99.99
KMJ RRC1C40P-STD030STD,99.99
KMJ RRC1C40P-STDSTD010,99.99
KMJ RRC1C40P-STDSTD020,99.99
KMJ RRC1C40P-STDSTD030,99.99
KMJ RRC1C40P-STDSTDSTD,99.99
KMJ RRC1C41P-030010010,129.99
KMJ RRC1C41P-030010020,129.99
KMJ RRC1C41P-030010030,129.99
KMJ RRC1C41P-030010STD,129.99
KMJ RRC1C41P-030020010,129.99
KMJ RRC1C41P-030020020,129.99
KMJ RRC1C41P-030020030,129.99
KMJ RRC1C41P-030020STD,129.99
KMJ RRC1C41P-030030010,129.99
KMJ RRC1C41P-030030020,129.99
KMJ RRC1C41P-030030030,129.99
KMJ RRC1C41P-030030STD,129.99
KMJ RRC1C41P-030STD010,129.99
KMJ RRC1C41P-030STD020,129.99
KMJ RRC1C41P-030STD030,129.99
KMJ RRC1C41P-030STDSTD,129.99
KMJ RRC1C41P-040010010,129.99
KMJ RRC1C41P-040010020,129.99
KMJ RRC1C41P-040010030,129.99
KMJ RRC1C41P-040010STD,129.99
KMJ RRC1C41P-040020010,129.99
KMJ RRC1C41P-040020020,129.99
KMJ RRC1C41P-040020030,129.99
KMJ RRC1C41P-040020STD,129.99
KMJ RRC1C41P-040030010,129.99
KMJ RRC1C41P-040030020,129.99
KMJ RRC1C41P-040030030,129.99
KMJ RRC1C41P-040030STD,129.99
KMJ RRC1C41P-040STD010,129.99
KMJ RRC1C41P-040STD020,129.99
KMJ RRC1C41P-040STD030,129.99
KMJ RRC1C41P-040STDSTD,129.99
KMJ RRC1C41P-060010010,129.99
KMJ RRC1C41P-060010020,129.99
KMJ RRC1C41P-060010030,129.99
KMJ RRC1C41P-060010STD,129.99
KMJ RRC1C41P-060020010,129.99
KMJ RRC1C41P-060020020,129.99
KMJ RRC1C41P-060020030,129.99
KMJ RRC1C41P-060020STD,129.99
KMJ RRC1C41P-060030010,129.99
KMJ RRC1C41P-060030020,129.99
KMJ RRC1C41P-060030030,129.99
KMJ RRC1C41P-060030STD,129.99
KMJ RRC1C41P-060STD010,129.99
KMJ RRC1C41P-060STD020,129.99
KMJ RRC1C41P-060STD030,129.99
KMJ RRC1C41P-060STDSTD,129.99
KMJ RRC1C41P-STD010010,129.99
KMJ RRC1C41P-STD010020,129.99
KMJ RRC1C41P-STD010030,129.99
KMJ RRC1C41P-STD010STD,129.99
KMJ RRC1C41P-STD020010,129.99
KMJ RRC1C41P-STD020020,129.99
KMJ RRC1C41P-STD020030,129.99
KMJ RRC1C41P-STD020STD,129.99
KMJ RRC1C41P-STD030010,129.99
KMJ RRC1C41P-STD030020,129.99
KMJ RRC1C41P-STD030030,129.99
KMJ RRC1C41P-STD030STD,129.99
KMJ RRC1C41P-STDSTD010,129.99
KMJ RRC1C41P-STDSTD020,129.99
KMJ RRC1C41P-STDSTD030,129.99
KMJ RRC1C41P-STDSTDSTD,129.99
KMJ RRM1C40H-030010010,179.99
KMJ RRM1C40H-030010STD,179.99
KMJ RRM1C40H-030020010,179.99
KMJ RRM1C40H-030020STD,179.99
KMJ RRM1C40H-030STD010,179.99
KMJ RRM1C40H-030STDSTD,179.99
KMJ RRM1C40H-040010010,179.99
KMJ RRM1C40H-040010STD,179.99
KMJ RRM1C40H-040020010,179.99
KMJ RRM1C40H-040020STD,179.99
KMJ RRM1C40H-040STD010,179.99
KMJ RRM1C40H-040STDSTD,179.99
KMJ RRM1C40H-060010010,179.99
KMJ RRM1C40H-060010STD,179.99
KMJ RRM1C40H-060020010,179.99
KMJ RRM1C40H-060020STD,179.99
KMJ RRM1C40H-060STD010,179.99
KMJ RRM1C40H-060STDSTD,179.99
KMJ RRM1C40H-STD010010,179.99
KMJ RRM1C40H-STD010STD,179.99
KMJ RRM1C40H-STD020010,179.99
KMJ RRM1C40H-STD020STD,179.99
KMJ RRM1C40H-STDSTD010,179.99
KMJ RRM1C40H-STDSTDSTD,179.99
KMJ RRM1C40P-030010010,109.99
KMJ RRM1C40P-030010020,109.99
KMJ RRM1C40P-030010030,109.99
KMJ RRM1C40P-030010STD,109.99
KMJ RRM1C40P-030020010,109.99
KMJ RRM1C40P-030020020,109.99
KMJ RRM1C40P-030020030,109.99
KMJ RRM1C40P-030020STD,109.99
KMJ RRM1C40P-030030010,109.99
KMJ RRM1C40P-030030020,109.99
KMJ RRM1C40P-030030030,109.99
KMJ RRM1C40P-030030STD,109.99
KMJ RRM1C40P-030STD010,109.99
KMJ RRM1C40P-030STD020,109.99
KMJ RRM1C40P-030STD030,109.99
KMJ RRM1C40P-030STDSTD,109.99
KMJ RRM1C40P-040010010,109.99
KMJ RRM1C40P-040010020,109.99
KMJ RRM1C40P-040010030,109.99
KMJ RRM1C40P-040010STD,109.99
KMJ RRM1C40P-040020010,109.99
KMJ RRM1C40P-040020020,109.99
KMJ RRM1C40P-040020030,109.99
KMJ RRM1C40P-040020STD,109.99
KMJ RRM1C40P-040030010,109.99
KMJ RRM1C40P-040030020,109.99
KMJ RRM1C40P-040030030,109.99
KMJ RRM1C40P-040030STD,109.99
KMJ RRM1C40P-040STD010,109.99
KMJ RRM1C40P-040STD020,109.99
KMJ RRM1C40P-040STD030,109.99
KMJ RRM1C40P-040STDSTD,109.99
KMJ RRM1C40P-060010010,109.99
KMJ RRM1C40P-060010020,109.99
KMJ RRM1C40P-060010030,109.99
KMJ RRM1C40P-060010STD,109.99
KMJ RRM1C40P-060020010,109.99
KMJ RRM1C40P-060020020,109.99
KMJ RRM1C40P-060020030,109.99
KMJ RRM1C40P-060020STD,109.99
KMJ RRM1C40P-060030010,109.99
KMJ RRM1C40P-060030020,109.99
KMJ RRM1C40P-060030030,109.99
KMJ RRM1C40P-060030STD,109.99
KMJ RRM1C40P-060STD010,109.99
KMJ RRM1C40P-060STD020,109.99
KMJ RRM1C40P-060STD030,109.99
KMJ RRM1C40P-060STDSTD,109.99
KMJ RRM1C40P-STD010010,109.99
KMJ RRM1C40P-STD010020,109.99
KMJ RRM1C40P-STD010030,109.99
KMJ RRM1C40P-STD010STD,109.99
KMJ RRM1C40P-STD020010,109.99
KMJ RRM1C40P-STD020020,109.99
KMJ RRM1C40P-STD020030,109.99
KMJ RRM1C40P-STD020STD,109.99
KMJ RRM1C40P-STD030010,109.99
KMJ RRM1C40P-STD030020,109.99
KMJ RRM1C40P-STD030030,109.99
KMJ RRM1C40P-STD030STD,109.99
KMJ RRM1C40P-STDSTD010,109.99
KMJ RRM1C40P-STDSTD020,109.99
KMJ RRM1C40P-STDSTD030,109.99
KMJ RRM1C40P-STDSTDSTD,109.99
KMJ RRM1C41H-030010010,189.99
KMJ RRM1C41H-030010STD,189.99
KMJ RRM1C41H-030020010,189.99
KMJ RRM1C41H-030020STD,189.99
KMJ RRM1C41H-030STD010,189.99
KMJ RRM1C41H-030STDSTD,189.99
KMJ RRM1C41H-040010010,189.99
KMJ RRM1C41H-040010STD,189.99
KMJ RRM1C41H-040020010,189.99
KMJ RRM1C41H-040020STD,189.99
KMJ RRM1C41H-040STD010,189.99
KMJ RRM1C41H-040STDSTD,189.99
KMJ RRM1C41H-060010010,189.99
KMJ RRM1C41H-060010STD,189.99
KMJ RRM1C41H-060020010,189.99
KMJ RRM1C41H-060020STD,189.99
KMJ RRM1C41H-060STD010,189.99
KMJ RRM1C41H-060STDSTD,189.99
KMJ RRM1C41H-STD010010,189.99
KMJ RRM1C41H-STD010STD,189.99
KMJ RRM1C41H-STD020010,189.99
KMJ RRM1C41H-STD020STD,189.99
KMJ RRM1C41H-STDSTD010,189.99
KMJ RRM1C41H-STDSTDSTD,189.99
KMJ RRM1C42P-030010010,169.99
KMJ RRM1C42P-030010020,169.99
KMJ RRM1C42P-030010STD,169.99
KMJ RRM1C42P-030020010,169.99
KMJ RRM1C42P-030020020,169.99
KMJ RRM1C42P-030020STD,169.99
KMJ RRM1C42P-030STD010,169.99
KMJ RRM1C42P-030STD020,169.99
KMJ RRM1C42P-060010010,169.99
KMJ RRM1C42P-060010020,169.99
KMJ RRM1C42P-060010STD,169.99
KMJ RRM1C42P-060020010,169.99
KMJ RRM1C42P-060020020,169.99
KMJ RRM1C42P-060020STD,169.99
KMJ RRM1C42P-060STD010,169.99
KMJ RRM1C42P-060STD020,169.99
KMJ RRM1C42P-060STDSTD,169.99
KMJ RRM1C42P-070010010,169.99
KMJ RRM1C42P-070010020,169.99
KMJ RRM1C42P-070010STD,169.99
KMJ RRM1C42P-070020010,169.99
KMJ RRM1C42P-070020020,169.99
KMJ RRM1C42P-070020STD,169.99
KMJ RRM1C42P-070STD010,169.99
KMJ RRM1C42P-070STD020,169.99
KMJ RRM1C42P-070STDSTD,169.99
KMJ RRM1C42P-100010010,169.99
KMJ RRM1C42P-100010020,169.99
KMJ RRM1C42P-100010STD,169.99
KMJ RRM1C42P-100020010,169.99
KMJ RRM1C42P-100020020,169.99
KMJ RRM1C42P-100020STD,169.99
KMJ RRM1C42P-100STD010,169.99
KMJ RRM1C42P-100STD020,169.99
KMJ RRM1C42P-100STDSTD,169.99
KMJ RRM1C42P-STD010010,169.99
KMJ RRM1C42P-STD010020,169.99
KMJ RRM1C42P-STD010STD,169.99
KMJ RRM1C42P-STD020010,169.99
KMJ RRM1C42P-STD020020,169.99
KMJ RRM1C42P-STD020STD,169.99
KMJ RRM1C42P-STDSTD010,169.99
KMJ RRM1C42P-STDSTD020,169.99
KMJ RRM1C42P-STDSTDSTD,169.99
KMJ RRM2C40H-030010010,239.99
KMJ RRM2C40H-030010STD,239.99
KMJ RRM2C40H-030020010,239.99
KMJ RRM2C40H-030020STD,239.99
KMJ RRM2C40H-030STD010,239.99
KMJ RRM2C40H-030STDSTD,239.99
KMJ RRM2C40H-040010010,239.99
KMJ RRM2C40H-040010STD,239.99
KMJ RRM2C40H-040020010,239.99
KMJ RRM2C40H-040020STD,239.99
KMJ RRM2C40H-040STD010,239.99
KMJ RRM2C40H-040STDSTD,239.99
KMJ RRM2C40H-060010010,239.99
KMJ RRM2C40H-060010STD,239.99
KMJ RRM2C40H-060020010,239.99
KMJ RRM2C40H-060020STD,239.99
KMJ RRM2C40H-060STD010,239.99
KMJ RRM2C40H-060STDSTD,239.99
KMJ RRM2C40H-STD010010,239.99
KMJ RRM2C40H-STD010STD,239.99
KMJ RRM2C40H-STD020010,239.99
KMJ RRM2C40H-STD020STD,239.99
KMJ RRM2C40H-STDSTD010,239.99
KMJ RRM2C40H-STDSTDSTD,239.99
KMJ RRM2C41H-030010010,249.99
KMJ RRM2C41H-030010020,249.99
KMJ RRM2C41H-030010STD,249.99
KMJ RRM2C41H-030020010,249.99
KMJ RRM2C41H-030020020,249.99
KMJ RRM2C41H-030020STD,249.99
KMJ RRM2C41H-030STD010,249.99
KMJ RRM2C41H-030STD020,249.99
KMJ RRM2C41H-030STDSTD,249.99
KMJ RRM2C41H-040010010,249.99
KMJ RRM2C41H-040010020,249.99
KMJ RRM2C41H-040010STD,249.99
KMJ RRM2C41H-040020010,249.99
KMJ RRM2C41H-040020020,249.99
KMJ RRM2C41H-040020STD,249.99
KMJ RRM2C41H-040STD010,249.99
KMJ RRM2C41H-040STD020,249.99
KMJ RRM2C41H-040STDSTD,249.99
KMJ RRM2C41H-060010010,249.99
KMJ RRM2C41H-060010020,249.99
KMJ RRM2C41H-060010STD,249.99
KMJ RRM2C41H-060020010,249.99
KMJ RRM2C41H-060020020,249.99
KMJ RRM2C41H-060020STD,249.99
KMJ RRM2C41H-060STD010,249.99
KMJ RRM2C41H-060STD020,249.99
KMJ RRM2C41H-060STDSTD,249.99
KMJ RRM2C41H-STD010010,249.99
KMJ RRM2C41H-STD010020,249.99
KMJ RRM2C41H-STD010STD,249.99
KMJ RRM2C41H-STD020010,249.99
KMJ RRM2C41H-STD020020,249.99
KMJ RRM2C41H-STD020STD,249.99
KMJ RRM2C41H-STDSTD010,249.99
KMJ RRM2C41H-STDSTD020,249.99
KMJ RRM2C41H-STDSTDSTD,249.99
KMJ RV1943XKIT,49.99
KMJ RV943X,30
KMJ S0006,12.99
KMJ S0007,17.99
KMJ S0009,18.99
KMJ S2016,7.99
KMJ S2033,11.5
KMJ S2300,10.99
KMJ S3917,20.99
KMJ S5076KIT,69
KMJ S6012,15.99
KMJ S6055,14.99
KMJ S6257,13.99
KMJ S7215REDPC,34.99
KMJ S8843POL,41.99
KMJ S8858POL,49.99
KMJ S9136,19.99
KMJ S9138,25.99
KMJ S9190KIT,29.99
KMJ S9258,11.99
KMJ S9392,20.99
KMJ S9485POL,49.99
KMJ S9531,23.99
KMJ S9600,24.99
KMJ S9637,10.99
KMJ S9710,26.99
KMJ S9713KIT,39.99
KMJ S9903,69.99
KMJ SV-141-2KIT,136.24
KMJ SV-142-2KIT,140.74
KMJ SV-142N6-1KIT,150.24
KMJ SV-161-2KIT,141.64
KMJ SV-161N6-2KIT,150.64
KMJ VT-1992S-5KIT,57.75
KMJ WO-141-2KIT,137.74
KMJ WP281,26.99
KMJ WP330,26.99
KMJ WP350RR,59.99
KMJ YS-011M,67.99
