SKU,Brand Code
ARC 1082,427
ARC 1083,427
ARC 1326202,427
ARC 35015716LN,427
ARC 4500802,427
ARC 4501010,427
ARC 4501012,427
ARC 4501210,427
ARC 4501212,427
ARC 4501410,427
ARC 4501412,427
ARC 4501610,427
ARC A7599,427
ARC A97029812,427
AVS 194528,191
CGT C4236-030,432
CGT C4237-030,432
CGT C4261-051x2,432
CGT C5248-051,432
DEI 010069,438
DEI 010095,438
DEI 010104,438
DEI 010113,438
DEI 010116,438
DEI 010127 X 2 + 010205,438
DEI 010130,438
DEI 010140,438
DEI 010145,438
DEI 010236,438
DEI 010387,438
DEI 010388,438
DEI 010389,438
DEI 010397,438
DEI 010406,438
DEI 010414,438
DEI 010415,438
DEI 010425,438
DEI 010460,438
DEI 010474,438
DEI 010475,438
DEI 010603,438
DEI 010611,438
DEI 010622,438
DEI 010831,438
DEI 030304,438
DEI 030307,438
DEI 040206,438
DEI 050113,438
DEI 050130,438
DEI 050134,438
DEI 050140,438
DEI 050141,438
DEI 050216,438
DEI 050218,438
DEI 050321,438
DEI 050370,438
DEI 050501,438
DEI 050506,438
DEI 070520,438
DEI 090400,438
ELG EHC99S,443
FEL 1017-1,444
FLO 817656,157
FMP 273AP40,493
FMP H273CP+40564CP,493
FMP H273CP30+40564CP.030,493
FMP H273CP40+40564CP.040,493
FMP H273CP60+40564CP.060,493
FMP H345DCP+40564CP,493
FMP H345DCP+50564CP,493
FMP H345DCP30+40564CP.030,493
FMP H345DCP30+50564CP.030,493
FMP H345DCP40+40564CP.040,493
FMP H345DCP40+50564CP.040,493
FMP H345DCP60+40564CP.060,493
FMP H345DCP60+50564CP.060,493
FMP H615CP60,493
FMP H616CP30+40141CP.030,493
FMP H616CP40+40141CP.040,493
FMP H616CP60+40141CP.060,493
FMP H617CP+40564CP,493
FMP H617CP30+40564CP.030,493
FMP H617CP40+40564CP.040,493
FMP H617CP60+40564CP.060,493
FMP H618CP+40564CP,493
FMP H618CP30+40564CP.030,493
FMP H618CP40+40564CP.040,493
FMP H618CP60+40564CP.060,493
FMP H631CP+40564CP,493
FMP H631CP30+40564CP.030,493
FMP H631CP40+40564CP.040,493
FMP H631CP60+40564CP.060,493
FMP H634CP30+40141CP.030,493
FMP H634CP40+40141CP.040,493
FMP H634CP60+40141CP.060,493
FMP H635CP30+40564CP.030,493
FMP H635CP40+40564CP.040,493
FMP H635CP60+40564CP.060,493
FMP H660CP+40564CP,493
FMP H660CP30+40564CP.030,493
FMP H660CP40+40564CP.040,493
FMP H660CP60+40564CP.060,493
FMP H859CP30+40564CP.030,493
FMP H859CP40+40564CP.040,493
FMP H859CP60+40564CP.060,493
FMP H860CP+40564CP,493
FMP H860CP30+40564CP.030,493
FMP H860CP40+40564CP.040,493
FMP H860CP60+40564CP.060,493
GRH 10584,539
GRH 10721,539
HSK 09031,452
HSK 09041,452
HSK 09281,452
HSK 09291,452
HSK 13001,452
HSK 13011,452
HSK 13091,452
HSK 13093,452
HSK 13301,452
HSK 13601,452
HSK 13771,452
HSK 13772,452
HSK 13861,452
HSK 13941,452
HSK 13942,452
HSK 13951,452
HSK 13952,452
HSK 13961,452
HSK 17097,452
HSK 17100,452
HSK 17101,452
HSK 18021,452
HSK 18041,452
HSK 19021,452
HSK 19041,452
HSK 20621,452
HSK 53041,452
HSK 53121,452
HSK 53141,452
HSK 53191,452
HSK 53231,452
HSK 53241,452
HSK 53251,452
HSK 53261,452
HSK 53271,452
HSK 53281,452
HSK 53291,452
HSK 53331,452
HSK 53341,452
HSK 53361,452
HSK 53381,452
HSK 53391,452
HSK 53421,452
HSK 53431,452
HSK 53441,452
HSK 53451,452
HSK 53471,452
HSK 53481,452
HSK 53491,452
HSK 53571,452
HSK 53581,452
HSK 53651,452
HSK 53671,452
HSK 53681,452
HSK 53721,452
HSK 53731,452
HSK 53741,452
HSK 53801,452
HSK 53811,452
HSK 53831,452
HSK 53841,452
HSK 53851,452
HSK 53901,452
HSK 53911,452
HSK 53921,452
HSK 53951,452
HSK 56686,452
HSK 56796,452
HSK 56871,452
HSK 56881,452
HSK 56886,452
HSK 56896,452
HSK 57871,452
HSK 79011,452
HSK 79021,452
HSK 79031,452
HSK 79121,452
HSK 98161,452
HSK 98901,452
HSK 98952,452
HSK 99001,452
HSK 99091,452
HSK 99101,452
HSK 99161,452
HSK 99201,452
HSK 99211,452
HSK 99891,452
JBA 1675S,158
JET 11009S,454
JET 11012S,454
JET 11201S,454
JET 20305S,454
JET 20310S,454
JET 20805S,454
JET 28913S,454
JET 29005S,454
JET 29105S,454
JET 29205S,454
JET 29305S,454
JET 294055S,454
JET 29501S,454
JET 69148,454
JET 90001S,454
JET 90013S,454
JET 90017S,454
JET 90402S,454
KMJ 1035001-104KIT,538
KMJ 1035001-105KIT,538
KMJ 1035001-106KIT,538
KMJ 1035001-107KIT,538
KMJ 1035001-108KIT,538
KMJ 1035001-109KIT,538
KMJ 1035001-110KIT,538
KMJ 1035001-111KIT,538
KMJ 1035001-112KIT,538
KMJ 1035001-113KIT,538
KMJ 1035001-114KIT,538
KMJ 1035002-100KIT,538
KMJ 1035002-101KIT,538
KMJ 1035002-102KIT,538
KMJ 1035004-104KIT,538
KMJ 1035004-105KIT,538
KMJ 1035004-107KIT,538
KMJ 1035004-108KIT,538
KMJ 1035004-109KIT,538
KMJ 1035004-110KIT,538
KMJ 1035004-111KIT,538
KMJ 1035004-112KIT,538
KMJ 1035004-113KIT,538
KMJ 1035004-114KIT,538
KMJ 1035113-114KIT,538
KMJ 1040011-112KIT,538
KMJ 1045511-112KIT,538
KMJ 111003-21KIT,538
KMJ 111015-22KIT,538
KMJ 111026-22KIT,538
KMJ 111026-23KIT,538
KMJ 1141-2KIT,538
KMJ 1142-2KIT,538
KMJ 1142N6-1KIT,538
KMJ 1142P12-2KIT,538
KMJ 1142P6-1KIT,538
KMJ 1143-2KIT,538
KMJ 1143P12-2KIT,538
KMJ 1143P6-1KIT,538
KMJ 1144A-2KIT,538
KMJ 1145A-2KIT,538
KMJ 1145AN6-1KIT,538
KMJ 1145AP12-2KIT,538
KMJ 1146A-2KIT,538
KMJ 1146A-3KIT,538
KMJ 1146AP12-2KIT,538
KMJ 1149-2KIT,538
KMJ 1149P12-2KIT,538
KMJ 1161-2KIT,538
KMJ 1162A-2KIT,538
KMJ 1163A-2KIT,538
KMJ 1163A-3KIT,538
KMJ 1163AP12-2KIT,538
KMJ 1163AP6-1KIT,538
KMJ 1164-2KIT,538
KMJ 1164N6-1KIT,538
KMJ 1165-2KIT,538
KMJ 1168LS-2KIT,538
KMJ 1168LSN6-1KIT,538
KMJ 1168LSP12-2KIT,538
KMJ 1168LSP6-1KIT,538
KMJ 1169-2KIT,538
KMJ 1181-1KIT,538
KMJ 1181LS-1KIT,538
KMJ 1183-1KIT,538
KMJ 1183N6-5KIT,538
KMJ 1183P12-1KIT,538
KMJ 1183P6-5KIT,538
KMJ 1231-2KIT,538
KMJ 1241LS-2KIT,538
KMJ 1243A-2KIT,538
KMJ 1244A-2KIT,538
KMJ 1244AN6-1KIT,538
KMJ 1244AP12-2KIT,538
KMJ 1244AP6-1KIT,538
KMJ 1248-2KIT,538
KMJ 1249-2KIT,538
KMJ 1255,538
KMJ 1261-2KIT,538
KMJ 1262-2KIT,538
KMJ 1263-2KIT,538
KMJ 1264-2KIT,538
KMJ 1266-2KIT,538
KMJ 1266N6-1KIT,538
KMJ 1266P6-1KIT,538
KMJ 1281-1KIT,538
KMJ 1281DV-1KIT,538
KMJ 1281P6-5KIT,538
KMJ 1282-1KIT,538
KMJ 1282N6-5KIT,538
KMJ 1282P6-5KIT,538
KMJ 1283-1KIT,538
KMJ 1283N6-5KIT,538
KMJ 1283P12-2KIT,538
KMJ 1283P6-5KIT,538
KMJ 1284-1KIT,538
KMJ 1285LS-1KIT,538
KMJ 1285LSN6-1KIT,538
KMJ 1285LSP12-1KIT,538
KMJ 1285LSP6-1KIT,538
KMJ 1300,538
KMJ 1361A-2KIT,538
KMJ 1362-2KIT,538
KMJ 1362N6-1KIT,538
KMJ 1362P6-1KIT,538
KMJ 1381A-1KIT,538
KMJ 1382-1KIT,538
KMJ 1383-1KIT,538
KMJ 1383P6-5KIT,538
KMJ 1384-1KIT,538
KMJ 1441A-2KIT,538
KMJ 1442-2KIT,538
KMJ 1442N6-1KIT,538
KMJ 1442P12-2KIT,538
KMJ 1442P6-1KIT,538
KMJ 1461-2KIT,538
KMJ 1481-1KIT,538
KMJ 1482-1KIT,538
KMJ 1483A-1KIT,538
KMJ 1484A-1KIT,538
KMJ 1485A-1KIT,538
KMJ 1511-2KIT,538
KMJ 1541-2KIT,538
KMJ 1541N6-1KIT,538
KMJ 1541P12-2KIT,538
KMJ 1541P6-1KIT,538
KMJ 1542-2KIT,538
KMJ 1542N6-1KIT,538
KMJ 1542P12-2KIT,538
KMJ 1542P6-1KIT,538
KMJ 1543-2KIT,538
KMJ 1544-2KIT,538
KMJ 1544P12-2KIT,538
KMJ 1545N6-1KIT,538
KMJ 1545P6-1KIT,538
KMJ 1546-2KIT,538
KMJ 1546N6-1KIT,538
KMJ 1548-2KIT,538
KMJ 1548N6-1KIT,538
KMJ 1549-2KIT,538
KMJ 1549N6-1KIT,538
KMJ 1561-2KIT,538
KMJ 1561P12-2KIT,538
KMJ 1561P6-1KIT,538
KMJ 1562-2KIT,538
KMJ 15628,538
KMJ 1562P12-2KIT,538
KMJ 1563B-2KIT,538
KMJ 1564-2KIT,538
KMJ 1564N6-1KIT,538
KMJ 1564P12-2KIT,538
KMJ 1564P6-1KIT,538
KMJ 1565-2KIT,538
KMJ 1566-2KIT,538
KMJ 1567-2KIT,538
KMJ 1567A-2KIT,538
KMJ 1568-2KIT,538
KMJ 1568N6-1KIT,538
KMJ 1568P6-1KIT,538
KMJ 1569-2KIT,538
KMJ 1569N6-1KIT,538
KMJ 1569P6-1KIT,538
KMJ 1581-1KIT,538
KMJ 1581N6-5KIT,538
KMJ 1582-1KIT,538
KMJ 1584-1KIT,538
KMJ 1585A-1KIT,538
KMJ 1585AP6-5KIT,538
KMJ 1587-1KIT,538
KMJ 1587P6-5KIT,538
KMJ 1589-1KIT,538
KMJ 160-0471,538
KMJ 1631-2KIT,538
KMJ 1632-2KIT,538
KMJ 1641-2KIT,538
KMJ 1642-2KIT,538
KMJ 1645-2KIT,538
KMJ 1647-2KIT,538
KMJ 165200-1KIT,538
KMJ 165200-2KIT,538
KMJ 165200-3KIT,538
KMJ 165200-4KIT,538
KMJ 1661-2KIT,538
KMJ 1662-2KIT,538
KMJ 166200-1KIT,538
KMJ 166200-2KIT,538
KMJ 166200-3KIT,538
KMJ 166200-4KIT,538
KMJ 1665A-2KIT,538
KMJ 1741-2KIT,538
KMJ 1761-2KIT,538
KMJ 1762-2KIT,538
KMJ 1762LS-2KIT,538
KMJ 18021-3KIT,538
KMJ 1831-2KIT,538
KMJ 1832-2KIT,538
KMJ 1843-2KIT,538
KMJ 1844-2KIT,538
KMJ 1844N6-1KIT,538
KMJ 1845-5KIT,538
KMJ 1845N6-1KIT,538
KMJ 1847A-2KIT,538
KMJ 1847AN6-1KIT,538
KMJ 1847V-2KIT,538
KMJ 1847VN6-1KIT,538
KMJ 1848-2KIT,538
KMJ 1849-2KIT,538
KMJ 1849N6-1KIT,538
KMJ 1862-2KIT,538
KMJ 1863-2KIT,538
KMJ 1864A-2KIT,538
KMJ 1864AN6-1KIT,538
KMJ 1864LA-2KIT,538
KMJ 1865-2KIT,538
KMJ 1866-2KIT,538
KMJ 1867A-2KIT,538
KMJ 1868-2KIT,538
KMJ 1869-2KIT,538
KMJ 1884-1KIT,538
KMJ 1885-1KIT,538
KMJ 1886-1KIT,538
KMJ 1941-2KIT,538
KMJ 1942-2KIT,538
KMJ 1943-2KIT,538
KMJ 1944-2KIT,538
KMJ 1945-2KIT,538
KMJ 1946-2KIT,538
KMJ 1947-2KIT,538
KMJ 1948-2KIT,538
KMJ 1949-2KIT,538
KMJ 2161-2KIT,538
KMJ 2161N6-1KIT,538
KMJ 2161P6-1KIT,538
KMJ 2541-2KIT,538
KMJ 2541N6-1KIT,538
KMJ 2542-2KIT,538
KMJ 2561-2KIT,538
KMJ 2561N6-1KIT,538
KMJ 2561P6-1KIT,538
KMJ 2562-2KIT,538
KMJ 260-6764,538
KMJ 260-6765,538
KMJ 260-6766,538
KMJ 2801-51KIT,538
KMJ 2803-54KIT,538
KMJ 2841-2KIT,538
KMJ 2842-2KIT,538
KMJ 2843-2KIT,538
KMJ 2843N6-1KIT,538
KMJ 2844-2KIT,538
KMJ 2845-2KIT,538
KMJ 2846-2KIT,538
KMJ 2847-2KIT,538
KMJ 2847N6-1KIT,538
KMJ 2848-2KIT,538
KMJ 2861-2KIT,538
KMJ 2862-2KIT,538
KMJ 2863-2KIT,538
KMJ 2865-2KIT,538
KMJ 2866-2KIT,538
KMJ 3039,538
KMJ 31045L,538
KMJ 31045R,538
KMJ 31896,538
KMJ 32234,538
KMJ 32236,538
KMJ 32238,538
KMJ 34301L,538
KMJ 34301R,538
KMJ 34313L,538
KMJ 34313R,538
KMJ 34393L,538
KMJ 34393R,538
KMJ 34394L,538
KMJ 34394R,538
KMJ 35295-L-RND,538
KMJ 35295-R-RND,538
KMJ 445251,538
KMJ 4501612-KIT,538
KMJ 55016,538
KMJ 55017,538
KMJ 56141-1KIT,538
KMJ 56591-1KIT,538
KMJ 56601-1KIT,538
KMJ 56681-1KIT,538
KMJ 56681-2KIT,538
KMJ 56691-1KIT,538
KMJ 56731-1KIT,538
KMJ 56791-2KIT,538
KMJ 56821-1KIT,538
KMJ 56881-1KIT,538
KMJ 56911-1KIT,538
KMJ 58101-1KIT,538
KMJ 58181-1KIT,538
KMJ 6191-25KIT,538
KMJ 7104P-0KIT,538
KMJ 7104P-1KIT,538
KMJ 7104P-2KIT,538
KMJ 7104P-4KIT,538
KMJ 7104P-6KIT,538
KMJ 7104P-8KIT,538
KMJ 7104Z-0KIT,538
KMJ 7104Z-1KIT,538
KMJ 7104Z-2KIT,538
KMJ 7104Z-4KIT,538
KMJ 7104Z-6KIT,538
KMJ 7104Z-8KIT,538
KMJ 7105Z-0KIT,538
KMJ 7105Z-1KIT,538
KMJ 7105Z-2KIT,538
KMJ 7105Z-3KIT,538
KMJ 7105Z-4KIT,538
KMJ 7105Z-5KIT,538
KMJ 7105Z-6KIT,538
KMJ 7105Z-8KIT,538
KMJ 71081PBK-0KIT,538
KMJ 71081PBK-1KIT,538
KMJ 71081PBK-2KIT,538
KMJ 71081PBK-3KIT,538
KMJ 71081PBK-4KIT,538
KMJ 71081PBK-5KIT,538
KMJ 71081PBK-6KIT,538
KMJ 7108P-0KIT,538
KMJ 7108P-1KIT,538
KMJ 7108P-2KIT,538
KMJ 7108P-3KIT,538
KMJ 7108P-4KIT,538
KMJ 7108P-5KIT,538
KMJ 7108P-6KIT,538
KMJ 7108Z-0KIT,538
KMJ 7108Z-1KIT,538
KMJ 7108Z-2KIT,538
KMJ 7108Z-3KIT,538
KMJ 7108Z-4KIT,538
KMJ 7108Z-6KIT,538
KMJ 71181-4KIT,538
KMJ 71281-4KIT,538
KMJ 71281D-4KIT,538
KMJ 71381A-4KIT,538
KMJ 7201P-0KIT,538
KMJ 7201P-2KIT,538
KMJ 7201P-6KIT,538
KMJ 7201R-0KIT,538
KMJ 7201R-2KIT,538
KMJ 7201R-6KIT,538
KMJ 7201Z-0KIT,538
KMJ 7201Z-2KIT,538
KMJ 7201Z-6KIT,538
KMJ 7283KIT,538
KMJ 7480Z-0KIT,538
KMJ 7480Z-1KIT,538
KMJ 7480Z-3KIT,538
KMJ 7480Z-4KIT,538
KMJ 7HO-181-4KIT,538
KMJ 7ML-181-4KIT,538
KMJ 80651,538
KMJ 80652,538
KMJ 817552-1KIT,538
KMJ 860008-KIT,538
KMJ 860010-KIT,538
KMJ 870008-BLKIT,538
KMJ 870010-BLKIT,538
KMJ 89800,538
KMJ 9005-0KIT,538
KMJ 9005P-0KIT,538
KMJ 9005PBK-0KIT,538
KMJ 9092-0KIT,538
KMJ 9092PBK-0KIT,538
KMJ 910-82085,538
KMJ 91144A-5KIT,538
KMJ 91145A-5KIT,538
KMJ 91146A-5KIT,538
KMJ 91162A-5KIT,538
KMJ 91163A-5KIT,538
KMJ 91164-5KIT,538
KMJ 91181-5KIT,538
KMJ 91243A-5KIT,538
KMJ 91261-5KIT,538
KMJ 91262-5KIT,538
KMJ 91266-5KIT,538
KMJ 91281-5KIT,538
KMJ 91281DV-5KIT,538
KMJ 91282-5KIT,538
KMJ 91283-5KIT,538
KMJ 91284-5KIT,538
KMJ 91285LS-5KIT,538
KMJ 91361A-5KIT,538
KMJ 91381A-5KIT,538
KMJ 91481-5KIT,538
KMJ 91482-5KIT,538
KMJ 915120,538
KMJ 91541-5KIT,538
KMJ 91542-5KIT,538
KMJ 91543-5KIT,538
KMJ 91546-5KIT,538
KMJ 91548-5KIT,538
KMJ 91561-5KIT,538
KMJ 91562-5KIT,538
KMJ 91563B-5KIT,538
KMJ 91564-5KIT,538
KMJ 91581-5KIT,538
KMJ 91582-5KIT,538
KMJ 91589-5KIT,538
KMJ 91641-5KIT,538
KMJ 91661-5KIT,538
KMJ 91662-5KIT,538
KMJ 91665A-5KIT,538
KMJ 91762-5KIT,538
KMJ 91847A-5KIT,538
KMJ 91865-5KIT,538
KMJ 91867A-5KIT,538
KMJ 91868-5KIT,538
KMJ 91869-5KIT,538
KMJ 91885-5KIT,538
KMJ 91886-5KIT,538
KMJ 91941-5KIT,538
KMJ 91942-5KIT,538
KMJ 91943-5KIT,538
KMJ 91944-5KIT,538
KMJ 91945-5KIT,538
KMJ 91946-5KIT,538
KMJ 9300,538
KMJ 9414PBK-0KIT,538
KMJ 9414PBO-0KIT,538
KMJ 9705-31KIT,538
KMJ 9705-PBK-31KIT,538
KMJ 9715-1KIT,538
KMJ 9715-3KIT,538
KMJ 9715-4KIT,538
KMJ 9725-0KIT,538
KMJ 9725-1KIT,538
KMJ 9725-3KIT,538
KMJ 9725-4KIT,538
KMJ 9725-7KIT,538
KMJ 9726-0KIT,538
KMJ 9726-1KIT,538
KMJ 9726-3KIT,538
KMJ 9726-4KIT,538
KMJ 9726PBK-0KIT,538
KMJ 9726PBK-1KIT,538
KMJ 9726PBK-3KIT,538
KMJ 9726PBK-4KIT,538
KMJ 9731-0KIT,538
KMJ 9731-1KIT,538
KMJ 9731-3KIT,538
KMJ 9731-4KIT,538
KMJ 9731-7KIT,538
KMJ 9731PBK-1KIT,538
KMJ 9731PBK-3KIT,538
KMJ 9731PBK-4KIT,538
KMJ 9731Z-0KIT,538
KMJ 9731Z-1KIT,538
KMJ 9731Z-3KIT,538
KMJ 9731Z-4KIT,538
KMJ 9732PBK-0KIT,538
KMJ 9732PBK-1KIT,538
KMJ 9732PBK-3KIT,538
KMJ 9732PBK-4KIT,538
KMJ 9850-6500,538
KMJ 9851-8550,538
KMJ 99051-3KIT,538
KMJ 9AC-181-5KIT,538
KMJ 9AC-181V-5KIT,538
KMJ 9CH-161-5KIT,538
KMJ 9CH-181-5KIT,538
KMJ 9FO-181-5KIT,538
KMJ 9FO-182-5KIT,538
KMJ 9HO-143-5KIT,538
KMJ 9HO-181-5KIT,538
KMJ 9HO-182-5KIT,538
KMJ 9LU-1121A-5KIT,538
KMJ 9LU-143-5KIT,538
KMJ 9LU-144-5KIT,538
KMJ 9LU-148-5KIT,538
KMJ 9LU-163-5KIT,538
KMJ 9LU-164-5KIT,538
KMJ 9LU-181-5KIT,538
KMJ 9LU-281-5KIT,538
KMJ 9MC-181-5KIT,538
KMJ 9ML-181-5KIT,538
KMJ 9ML-182-5KIT,538
KMJ 9ML-186A-5KIT,538
KMJ 9ML-187A-5KIT,538
KMJ 9MR-161A-5KIT,538
KMJ 9MR-LS2-5KIT,538
KMJ 9RR-162-5KIT,538
KMJ A9293KIT,538
KMJ AC-181-1KIT,538
KMJ AC-181V-1KIT,538
KMJ AC-182A-1KIT,538
KMJ AC1001,538
KMJ AC1002,538
KMJ ACKIT,538
KMJ ACKIT-KNNKIT,538
KMJ BP383,538
KMJ CH-161-2KIT,538
KMJ CH-181-1KIT,538
KMJ DG-302A,538
KMJ DG-302B,538
KMJ DU-141-2KIT,538
KMJ EP-141-2KIT,538
KMJ EP-141N6-1KIT,538
KMJ EP-142-2KIT,538
KMJ ES1001C,538
KMJ ES1002C,538
KMJ ES1050C,538
KMJ FO-181-1KIT,538
KMJ FO-182-1KIT,538
KMJ FP302L SFI,538
KMJ FP302SR SFI,538
KMJ FP460A SFI,538
KMJ GROMMET KIT A,538
KMJ GROMMET KIT B,538
KMJ GROMMET KIT C,538
KMJ HB119M594,538
KMJ HBF350B,538
KMJ HBS302,538
KMJ HBS350B,538
KMJ HC5001C,538
KMJ HC5002C,538
KMJ HC6052,538
KMJ HC7108-WKIT,538
KMJ HC8011,538
KMJ HC8012,538
KMJ HC8012P,538
KMJ HC8022,538
KMJ HC8022P,538
KMJ HO-141-2KIT,538
KMJ HO-142-2KIT,538
KMJ HO-143-2KIT,538
KMJ HO-161A-2KIT,538
KMJ HO-181-1KIT,538
KMJ HO-182-1KIT,538
KMJ JM1003C,538
KMJ JM1005C,538
KMJ JM1006C,538
KMJ JM1008C,538
KMJ JM1009C,538
KMJ JM1010C,538
KMJ JM2000C,538
KMJ JM6508R,538
KMJ JM6651,538
KMJ JM6652,538
KMJ JM6672BK,538
KMJ JM6933,538
KMJ JM6971R,538
KMJ JM6973BK,538
KMJ JM6991CL,538
KMJ JM6991R,538
KMJ JM7001BK,538
KMJ JM7001C,538
KMJ JM7001R,538
KMJ JM8092-8,538
KMJ JM8093-3,538
KMJ JM8093-7,538
KMJ JM8093-8,538
KMJ JM8112-8P,538
KMJ JM8121-8P,538
KMJ JM8122-8P,538
KMJ JM9002P,538
KMJ JM9101C,538
KMJ JM9101P,538
KMJ JM9104P,538
KMJ JM9105P,538
KMJ JM9111P,538
KMJ JM9112P,538
KMJ LU-1121A-1KIT,538
KMJ LU-1122A-1KIT,538
KMJ LU-142A-2KIT,538
KMJ LU-142AP12-2KIT,538
KMJ LU-142AP6-1KIT,538
KMJ LU-143-2KIT,538
KMJ LU-143P12-2KIT,538
KMJ LU-144-2KIT,538
KMJ LU-144P12-2KIT,538
KMJ LU-145-2KIT,538
KMJ LU-145P12-2KIT,538
KMJ LU-146M-2KIT,538
KMJ LU-146MP12-2KIT,538
KMJ LU-146P12-2KIT,538
KMJ LU-147A-2KIT,538
KMJ LU-148-2KIT,538
KMJ LU-148P12-2KIT,538
KMJ LU-149-2KIT,538
KMJ LU-149P12-2KIT,538
KMJ LU-161-2KIT,538
KMJ LU-162A-2KIT,538
KMJ LU-162AP12-2KIT,538
KMJ LU-163-2KIT,538
KMJ LU-164-2KIT,538
KMJ LU-165-2KIT,538
KMJ LU-165P12-2KIT,538
KMJ LU-166A-2KIT,538
KMJ LU-166AP12-2KIT,538
KMJ LU-167-2KIT,538
KMJ LU-168LS-2KIT,538
KMJ LU-168LSP12-2KIT,538
KMJ LU-181A-1KIT,538
KMJ LU-186-1KIT,538
KMJ LU-186P12-1KIT,538
KMJ LU-186P6-5KIT,538
KMJ LU-187-1KIT,538
KMJ LU-243-2KIT,538
KMJ LU-244-2KIT,538
KMJ LU-263-2KIT,538
KMJ LU-281-1KIT,538
KMJ M68-3KIT,538
KMJ M68HV-3KIT,538
KMJ MA-141-2KIT,538
KMJ MC-181-1KIT,538
KMJ ML-141C-2KIT,538
KMJ ML-141CP12-2KIT,538
KMJ ML-141CP6-1KIT,538
KMJ ML-161-2KIT,538
KMJ ML-161P12-2KIT,538
KMJ ML-162-2KIT,538
KMJ ML-162P12-2KIT,538
KMJ ML-181-1KIT,538
KMJ ML-181P6-5KIT,538
KMJ ML-182-1KIT,538
KMJ ML-186A-1KIT,538
KMJ ML-187A-1KIT,538
KMJ ML-189-1KIT,538
KMJ MR-143-2KIT,538
KMJ MR-144-2KIT,538
KMJ MR-145-2KIT,538
KMJ MR-147-2KIT,538
KMJ MR-161A-2KIT,538
KMJ MR-LS1-2KIT,538
KMJ MR-LS2-2KIT,538
KMJ MR-LS3-2KIT,538
KMJ NE-141-2KIT,538
KMJ NE-141P12-2KIT,538
KMJ NE-161-2KIT,538
KMJ NE-161P6-2KIT,538
KMJ PE220,538
KMJ PE331,538
KMJ PIK-M,538
KMJ PIK-V,538
KMJ PR230KIT,538
KMJ RM348,538
KMJ RR-162-2KIT,538
KMJ RR-162P12-2KIT,538
KMJ RR-164-2KIT,538
KMJ RR-164P12-2KIT,538
KMJ RR-181-1KIT,538
KMJ RR-181P12-1KIT,538
KMJ RR-182-1KIT,538
KMJ RRC1C40P-030010010,538
KMJ RRC1C40P-030010020,538
KMJ RRC1C40P-030010030,538
KMJ RRC1C40P-030010STD,538
KMJ RRC1C40P-030020010,538
KMJ RRC1C40P-030020020,538
KMJ RRC1C40P-030020030,538
KMJ RRC1C40P-030020STD,538
KMJ RRC1C40P-030030010,538
KMJ RRC1C40P-030030020,538
KMJ RRC1C40P-030030030,538
KMJ RRC1C40P-030030STD,538
KMJ RRC1C40P-030STD010,538
KMJ RRC1C40P-030STD020,538
KMJ RRC1C40P-030STD030,538
KMJ RRC1C40P-030STDSTD,538
KMJ RRC1C40P-040010010,538
KMJ RRC1C40P-040010020,538
KMJ RRC1C40P-040010030,538
KMJ RRC1C40P-040010STD,538
KMJ RRC1C40P-040020010,538
KMJ RRC1C40P-040020020,538
KMJ RRC1C40P-040020030,538
KMJ RRC1C40P-040020STD,538
KMJ RRC1C40P-040030010,538
KMJ RRC1C40P-040030020,538
KMJ RRC1C40P-040030030,538
KMJ RRC1C40P-040030STD,538
KMJ RRC1C40P-040STD010,538
KMJ RRC1C40P-040STD020,538
KMJ RRC1C40P-040STD030,538
KMJ RRC1C40P-040STDSTD,538
KMJ RRC1C40P-060010010,538
KMJ RRC1C40P-060010020,538
KMJ RRC1C40P-060010030,538
KMJ RRC1C40P-060010STD,538
KMJ RRC1C40P-060020010,538
KMJ RRC1C40P-060020020,538
KMJ RRC1C40P-060020030,538
KMJ RRC1C40P-060020STD,538
KMJ RRC1C40P-060030010,538
KMJ RRC1C40P-060030020,538
KMJ RRC1C40P-060030030,538
KMJ RRC1C40P-060030STD,538
KMJ RRC1C40P-060STD010,538
KMJ RRC1C40P-060STD020,538
KMJ RRC1C40P-060STD030,538
KMJ RRC1C40P-060STDSTD,538
KMJ RRC1C40P-STD010010,538
KMJ RRC1C40P-STD010020,538
KMJ RRC1C40P-STD010030,538
KMJ RRC1C40P-STD010STD,538
KMJ RRC1C40P-STD020010,538
KMJ RRC1C40P-STD020020,538
KMJ RRC1C40P-STD020030,538
KMJ RRC1C40P-STD020STD,538
KMJ RRC1C40P-STD030010,538
KMJ RRC1C40P-STD030020,538
KMJ RRC1C40P-STD030030,538
KMJ RRC1C40P-STD030STD,538
KMJ RRC1C40P-STDSTD010,538
KMJ RRC1C40P-STDSTD020,538
KMJ RRC1C40P-STDSTD030,538
KMJ RRC1C40P-STDSTDSTD,538
KMJ RRC1C41P-030010010,538
KMJ RRC1C41P-030010020,538
KMJ RRC1C41P-030010030,538
KMJ RRC1C41P-030010STD,538
KMJ RRC1C41P-030020010,538
KMJ RRC1C41P-030020020,538
KMJ RRC1C41P-030020030,538
KMJ RRC1C41P-030020STD,538
KMJ RRC1C41P-030030010,538
KMJ RRC1C41P-030030020,538
KMJ RRC1C41P-030030030,538
KMJ RRC1C41P-030030STD,538
KMJ RRC1C41P-030STD010,538
KMJ RRC1C41P-030STD020,538
KMJ RRC1C41P-030STD030,538
KMJ RRC1C41P-030STDSTD,538
KMJ RRC1C41P-040010010,538
KMJ RRC1C41P-040010020,538
KMJ RRC1C41P-040010030,538
KMJ RRC1C41P-040010STD,538
KMJ RRC1C41P-040020010,538
KMJ RRC1C41P-040020020,538
KMJ RRC1C41P-040020030,538
KMJ RRC1C41P-040020STD,538
KMJ RRC1C41P-040030010,538
KMJ RRC1C41P-040030020,538
KMJ RRC1C41P-040030030,538
KMJ RRC1C41P-040030STD,538
KMJ RRC1C41P-040STD010,538
KMJ RRC1C41P-040STD020,538
KMJ RRC1C41P-040STD030,538
KMJ RRC1C41P-040STDSTD,538
KMJ RRC1C41P-060010010,538
KMJ RRC1C41P-060010020,538
KMJ RRC1C41P-060010030,538
KMJ RRC1C41P-060010STD,538
KMJ RRC1C41P-060020010,538
KMJ RRC1C41P-060020020,538
KMJ RRC1C41P-060020030,538
KMJ RRC1C41P-060020STD,538
KMJ RRC1C41P-060030010,538
KMJ RRC1C41P-060030020,538
KMJ RRC1C41P-060030030,538
KMJ RRC1C41P-060030STD,538
KMJ RRC1C41P-060STD010,538
KMJ RRC1C41P-060STD020,538
KMJ RRC1C41P-060STD030,538
KMJ RRC1C41P-060STDSTD,538
KMJ RRC1C41P-STD010010,538
KMJ RRC1C41P-STD010020,538
KMJ RRC1C41P-STD010030,538
KMJ RRC1C41P-STD010STD,538
KMJ RRC1C41P-STD020010,538
KMJ RRC1C41P-STD020020,538
KMJ RRC1C41P-STD020030,538
KMJ RRC1C41P-STD020STD,538
KMJ RRC1C41P-STD030010,538
KMJ RRC1C41P-STD030020,538
KMJ RRC1C41P-STD030030,538
KMJ RRC1C41P-STD030STD,538
KMJ RRC1C41P-STDSTD010,538
KMJ RRC1C41P-STDSTD020,538
KMJ RRC1C41P-STDSTD030,538
KMJ RRC1C41P-STDSTDSTD,538
KMJ RRM1C40H-030010010,538
KMJ RRM1C40H-030010STD,538
KMJ RRM1C40H-030020010,538
KMJ RRM1C40H-030020STD,538
KMJ RRM1C40H-030STD010,538
KMJ RRM1C40H-030STDSTD,538
KMJ RRM1C40H-040010010,538
KMJ RRM1C40H-040010STD,538
KMJ RRM1C40H-040020010,538
KMJ RRM1C40H-040020STD,538
KMJ RRM1C40H-040STD010,538
KMJ RRM1C40H-040STDSTD,538
KMJ RRM1C40H-060010010,538
KMJ RRM1C40H-060010STD,538
KMJ RRM1C40H-060020010,538
KMJ RRM1C40H-060020STD,538
KMJ RRM1C40H-060STD010,538
KMJ RRM1C40H-060STDSTD,538
KMJ RRM1C40H-STD010010,538
KMJ RRM1C40H-STD010STD,538
KMJ RRM1C40H-STD020010,538
KMJ RRM1C40H-STD020STD,538
KMJ RRM1C40H-STDSTD010,538
KMJ RRM1C40H-STDSTDSTD,538
KMJ RRM1C40P-030010010,538
KMJ RRM1C40P-030010020,538
KMJ RRM1C40P-030010030,538
KMJ RRM1C40P-030010STD,538
KMJ RRM1C40P-030020010,538
KMJ RRM1C40P-030020020,538
KMJ RRM1C40P-030020030,538
KMJ RRM1C40P-030020STD,538
KMJ RRM1C40P-030030010,538
KMJ RRM1C40P-030030020,538
KMJ RRM1C40P-030030030,538
KMJ RRM1C40P-030030STD,538
KMJ RRM1C40P-030STD010,538
KMJ RRM1C40P-030STD020,538
KMJ RRM1C40P-030STD030,538
KMJ RRM1C40P-030STDSTD,538
KMJ RRM1C40P-040010010,538
KMJ RRM1C40P-040010020,538
KMJ RRM1C40P-040010030,538
KMJ RRM1C40P-040010STD,538
KMJ RRM1C40P-040020010,538
KMJ RRM1C40P-040020020,538
KMJ RRM1C40P-040020030,538
KMJ RRM1C40P-040020STD,538
KMJ RRM1C40P-040030010,538
KMJ RRM1C40P-040030020,538
KMJ RRM1C40P-040030030,538
KMJ RRM1C40P-040030STD,538
KMJ RRM1C40P-040STD010,538
KMJ RRM1C40P-040STD020,538
KMJ RRM1C40P-040STD030,538
KMJ RRM1C40P-040STDSTD,538
KMJ RRM1C40P-060010010,538
KMJ RRM1C40P-060010020,538
KMJ RRM1C40P-060010030,538
KMJ RRM1C40P-060010STD,538
KMJ RRM1C40P-060020010,538
KMJ RRM1C40P-060020020,538
KMJ RRM1C40P-060020030,538
KMJ RRM1C40P-060020STD,538
KMJ RRM1C40P-060030010,538
KMJ RRM1C40P-060030020,538
KMJ RRM1C40P-060030030,538
KMJ RRM1C40P-060030STD,538
KMJ RRM1C40P-060STD010,538
KMJ RRM1C40P-060STD020,538
KMJ RRM1C40P-060STD030,538
KMJ RRM1C40P-060STDSTD,538
KMJ RRM1C40P-STD010010,538
KMJ RRM1C40P-STD010020,538
KMJ RRM1C40P-STD010030,538
KMJ RRM1C40P-STD010STD,538
KMJ RRM1C40P-STD020010,538
KMJ RRM1C40P-STD020020,538
KMJ RRM1C40P-STD020030,538
KMJ RRM1C40P-STD020STD,538
KMJ RRM1C40P-STD030010,538
KMJ RRM1C40P-STD030020,538
KMJ RRM1C40P-STD030030,538
KMJ RRM1C40P-STD030STD,538
KMJ RRM1C40P-STDSTD010,538
KMJ RRM1C40P-STDSTD020,538
KMJ RRM1C40P-STDSTD030,538
KMJ RRM1C40P-STDSTDSTD,538
KMJ RRM1C41H-030010010,538
KMJ RRM1C41H-030010STD,538
KMJ RRM1C41H-030020010,538
KMJ RRM1C41H-030020STD,538
KMJ RRM1C41H-030STD010,538
KMJ RRM1C41H-030STDSTD,538
KMJ RRM1C41H-040010010,538
KMJ RRM1C41H-040010STD,538
KMJ RRM1C41H-040020010,538
KMJ RRM1C41H-040020STD,538
KMJ RRM1C41H-040STD010,538
KMJ RRM1C41H-040STDSTD,538
KMJ RRM1C41H-060010010,538
KMJ RRM1C41H-060010STD,538
KMJ RRM1C41H-060020010,538
KMJ RRM1C41H-060020STD,538
KMJ RRM1C41H-060STD010,538
KMJ RRM1C41H-060STDSTD,538
KMJ RRM1C41H-STD010010,538
KMJ RRM1C41H-STD010STD,538
KMJ RRM1C41H-STD020010,538
KMJ RRM1C41H-STD020STD,538
KMJ RRM1C41H-STDSTD010,538
KMJ RRM1C41H-STDSTDSTD,538
KMJ RRM1C42P-030010010,538
KMJ RRM1C42P-030010020,538
KMJ RRM1C42P-030010STD,538
KMJ RRM1C42P-030020010,538
KMJ RRM1C42P-030020020,538
KMJ RRM1C42P-030020STD,538
KMJ RRM1C42P-030STD010,538
KMJ RRM1C42P-030STD020,538
KMJ RRM1C42P-060010010,538
KMJ RRM1C42P-060010020,538
KMJ RRM1C42P-060010STD,538
KMJ RRM1C42P-060020010,538
KMJ RRM1C42P-060020020,538
KMJ RRM1C42P-060020STD,538
KMJ RRM1C42P-060STD010,538
KMJ RRM1C42P-060STD020,538
KMJ RRM1C42P-060STDSTD,538
KMJ RRM1C42P-070010010,538
KMJ RRM1C42P-070010020,538
KMJ RRM1C42P-070010STD,538
KMJ RRM1C42P-070020010,538
KMJ RRM1C42P-070020020,538
KMJ RRM1C42P-070020STD,538
KMJ RRM1C42P-070STD010,538
KMJ RRM1C42P-070STD020,538
KMJ RRM1C42P-070STDSTD,538
KMJ RRM1C42P-100010010,538
KMJ RRM1C42P-100010020,538
KMJ RRM1C42P-100010STD,538
KMJ RRM1C42P-100020010,538
KMJ RRM1C42P-100020020,538
KMJ RRM1C42P-100020STD,538
KMJ RRM1C42P-100STD010,538
KMJ RRM1C42P-100STD020,538
KMJ RRM1C42P-100STDSTD,538
KMJ RRM1C42P-STD010010,538
KMJ RRM1C42P-STD010020,538
KMJ RRM1C42P-STD010STD,538
KMJ RRM1C42P-STD020010,538
KMJ RRM1C42P-STD020020,538
KMJ RRM1C42P-STD020STD,538
KMJ RRM1C42P-STDSTD010,538
KMJ RRM1C42P-STDSTD020,538
KMJ RRM1C42P-STDSTDSTD,538
KMJ RRM2C40H-030010010,538
KMJ RRM2C40H-030010STD,538
KMJ RRM2C40H-030020010,538
KMJ RRM2C40H-030020STD,538
KMJ RRM2C40H-030STD010,538
KMJ RRM2C40H-030STDSTD,538
KMJ RRM2C40H-040010010,538
KMJ RRM2C40H-040010STD,538
KMJ RRM2C40H-040020010,538
KMJ RRM2C40H-040020STD,538
KMJ RRM2C40H-040STD010,538
KMJ RRM2C40H-040STDSTD,538
KMJ RRM2C40H-060010010,538
KMJ RRM2C40H-060010STD,538
KMJ RRM2C40H-060020010,538
KMJ RRM2C40H-060020STD,538
KMJ RRM2C40H-060STD010,538
KMJ RRM2C40H-060STDSTD,538
KMJ RRM2C40H-STD010010,538
KMJ RRM2C40H-STD010STD,538
KMJ RRM2C40H-STD020010,538
KMJ RRM2C40H-STD020STD,538
KMJ RRM2C40H-STDSTD010,538
KMJ RRM2C40H-STDSTDSTD,538
KMJ RRM2C41H-030010010,538
KMJ RRM2C41H-030010020,538
KMJ RRM2C41H-030010STD,538
KMJ RRM2C41H-030020010,538
KMJ RRM2C41H-030020020,538
KMJ RRM2C41H-030020STD,538
KMJ RRM2C41H-030STD010,538
KMJ RRM2C41H-030STD020,538
KMJ RRM2C41H-030STDSTD,538
KMJ RRM2C41H-040010010,538
KMJ RRM2C41H-040010020,538
KMJ RRM2C41H-040010STD,538
KMJ RRM2C41H-040020010,538
KMJ RRM2C41H-040020020,538
KMJ RRM2C41H-040020STD,538
KMJ RRM2C41H-040STD010,538
KMJ RRM2C41H-040STD020,538
KMJ RRM2C41H-040STDSTD,538
KMJ RRM2C41H-060010010,538
KMJ RRM2C41H-060010020,538
KMJ RRM2C41H-060010STD,538
KMJ RRM2C41H-060020010,538
KMJ RRM2C41H-060020020,538
KMJ RRM2C41H-060020STD,538
KMJ RRM2C41H-060STD010,538
KMJ RRM2C41H-060STD020,538
KMJ RRM2C41H-060STDSTD,538
KMJ RRM2C41H-STD010010,538
KMJ RRM2C41H-STD010020,538
KMJ RRM2C41H-STD010STD,538
KMJ RRM2C41H-STD020010,538
KMJ RRM2C41H-STD020020,538
KMJ RRM2C41H-STD020STD,538
KMJ RRM2C41H-STDSTD010,538
KMJ RRM2C41H-STDSTD020,538
KMJ RRM2C41H-STDSTDSTD,538
KMJ RV1943XKIT,538
KMJ S3917,538
KMJ S9903,538
KMJ SV-141-2KIT,538
KMJ SV-142-2KIT,538
KMJ SV-142N6-1KIT,538
KMJ SV-161-2KIT,538
KMJ SV-161N6-2KIT,538
KMJ WO-141-2KIT,538
KMJ YS-011M,538
KNN 99-5000,623
MDN MP099K,503
MDN MP109K,503
MDN MP119K,503
MDN MP136K,503
MEL IS84,463
NOR 205196,466
PAC 72C2250,156
PRW 2440003,472
SCA 2-360-6123-2124,476
SCA 2-440-6760-2374-1094,476
SCA 2-440-6760-2374-990,476
SCA 2-ICR5700-2000,476
SCA 2-ICR5700-7/16,476
SCA 2-ICR6000-7/16,476
SCA 2-ICR6123-2124,476
SCA 2-ICR6125-7/16,476
SCA 2-ICR6135,476
SCA 2-ICR6385,476
SCA 3-ICR5700,476
SCA 3-ICR5700P,476
SCA 3-ICR6000,476
SCA 3-ICR6000P,476
SCA 4-350-3480-5700,476
SCA 4-350-3500-5700,476
SCA 4-350-3562-5700,476
SCA 4-350-3625-5700,476
SCA 4-350-3750-5700,476
SCA 4-350-3750-6000,476
SCA 4-350-3875-6000,476
SCA 4-350-4000-6000,476
SCA 4-400-3500-6000,476
SCA 4-400-3750-5700,476
SCA 4-400-3800-6000,476
SCA 4-400-4000-6000,476
SCA 9-350-3750-5700,476
SCA 9-350-3750-5700L,476
SCA 9-350-3750-6000,476
SCA 9-350-3750-6000L,476
SCA 9-400-3500-6000,476
SCA 9-400-3750-5700,476
SCA 9-400-3750-6000,476
SCA 9-454-4250-6135,476
SCA 9-454-4250-6135L,476
SCA 9-454-4250-6385,476
ULT 01222,482
ULT 01280,482
KMJ 1057BK-50KIT,538
KMJ 1057BL-50KIT,538
KMJ 1057CA-50KIT,538
KMJ 1057R-50KIT,538
KMJ 11101-2KIT,538
KMJ 1130211-116KIT,538
KMJ 1130211-117KIT,538
KMJ 1130211-118KIT,538
KMJ 1131811-116KIT,538
KMJ 1131811-117KIT,538
KMJ 1131811-118KIT,538
KMJ 1135011-116KIT,538
KMJ 1135011-117KIT,538
KMJ 1135011-118KIT,538
KMJ 1135111-116KIT,538
KMJ 1135111-117KIT,538
KMJ 1135111-118KIT,538
KMJ 1144011-116KIT,538
KMJ 1144011-117KIT,538
KMJ 1144011-118KIT,538
KMJ 1146011-116KIT,538
KMJ 1146011-117KIT,538
KMJ 1146011-118KIT,538
KMJ 1567AN6-1KIT,538
KMJ 58171-1KIT,538
KMJ 58171-2KIT,538
KMJ 7005-0KIT,538
KMJ 7005-1KIT,538
KMJ 7005-2KIT,538
KMJ 7005-3KIT,538
KMJ 7005P-0KIT,538
KMJ 7005P-1KIT,538
KMJ 7005P-2KIT,538
KMJ 7005P-3KIT,538
KMJ 7005PBK-0KIT,538
KMJ 7005PBK-1KIT,538
KMJ 7005PBK-2KIT,538
KMJ 7005PBK-3KIT,538
KMJ 7195BOXW-KNNKIT,538
KMJ 7201P-8KIT,538
KMJ 7201R-8KIT,538
KMJ 7201Z-8KIT,538
KMJ 817481-2KIT,538
KMJ 9005-1KIT,538
KMJ 9005-4KIT,538
KMJ 9005P-1KIT,538
KMJ 9005P-4KIT,538
KMJ 9005PBK-1KIT,538
KMJ 9005PBK-4KIT,538
KMJ 9067-AKIT,538
KMJ 9092-1KIT,538
KMJ 9092-4KIT,538
KMJ 9092PBK-1KIT,538
KMJ 9092PBK-4KIT,538
KMJ 91183-5KIT,538
KMJ 9121-40KIT,538
KMJ 9121-41KIT,538
KMJ 9122-40KIT,538
KMJ 9122-41KIT,538
KMJ 9124-40KIT,538
KMJ 91241LS-5KIT,538
KMJ 9197-40KIT,538
KMJ 9197-41KIT,538
KMJ 9198-40KIT,538
KMJ 9198-41KIT,538
KMJ 9414PBK-1KIT,538
KMJ 9414PBK-4KIT,538
KMJ 9414PBO-1KIT,538
KMJ 9414PBO-4KIT,538
KMJ 9715-0KIT,538
KMJ 9731PBK-0KIT,538
