PTX 025-003A,64.49
PTX 10001,13.99
PTX 10002,16.99
PTX 1121,81.99
PTX 1121P12,94.99
PTX 1121P6,94.49
PTX 1122,92.49
PTX 1122P12,96.49
PTX 1122P6,98.99
PTX 1123,95.99
PTX 1123P12,104.99
PTX 1123P6,104.99
PTX 1131,127.99
PTX 1141,78.65
PTX 1142,82.95
PTX 1142N6,96.24
PTX 1142P12,93.99
PTX 1142P6,91.99
PTX 1143,80.49
PTX 1143P12,97.49
PTX 1143P6,97.49
PTX 1144A,72.94
PTX 1145A,74.99
PTX 1145AN6,87.99
PTX 1145AP12,79.46
PTX 1146A,71.99
PTX 1146AP12,86.99
PTX 1149,87.71
PTX 1149P12,102.94
PTX 1161,104.49
PTX 1161N6,113.99
PTX 1162A,75.89
PTX 1163A,73.95
PTX 1163AP12,86.99
PTX 1163AP6,83.79
PTX 1164,75.69
PTX 1164N6,84.99
PTX 1165,75.99
PTX 1168LS,82.99
PTX 1168LSN6,94.95
PTX 1168LSP12,94.95
PTX 1168LSP6,91.94
PTX 1169,85.49
PTX 1181,74.71
PTX 1181LS,77
PTX 1183,80.77
PTX 1183N6,93.99
PTX 1183P12,92.99
PTX 1183P6,90.13
PTX 1185LS,79.99
PTX 1187LS,79.99
PTX 1231,89.45
PTX 1241LS,102.99
PTX 1243A,95.99
PTX 1244A,77.99
PTX 1244AN6,95.99
PTX 1244AP12,95.99
PTX 1244AP6,84.99
PTX 1247,101.95
PTX 1247P12,106.61
PTX 1247P6,103.24
PTX 1247XT,178.99
PTX 1247XT-KIT,214.99
PTX 1247XTP6,195.99
PTX 1248A,142.95
PTX 1249,93.99
PTX 1261,71.94
PTX 1262,78.49
PTX 1263,80.99
PTX 1264,81.79
PTX 1266,76.93
PTX 1266N6,83.79
PTX 1266P6,85.99
PTX 1281,69.95
PTX 1281DV,71.99
PTX 1281P6,81.49
PTX 1282,75.99
PTX 1282N6,89.49
PTX 1282P6,81.49
PTX 1283,74.99
PTX 1283N6,84.99
PTX 1283P12,85.49
PTX 1283P6,82.99
PTX 1284,74.99
PTX 1285LS,100.49
PTX 1285LSN6,114.99
PTX 1285LSP12,116.99
PTX 1285LSP6,111.99
PTX 1361A,78.65
PTX 1362,107.49
PTX 1362N6,128.99
PTX 1362P6,127.99
PTX 1381A,72.99
PTX 1382,74.99
PTX 1383,89.32
PTX 1383P6,104.99
PTX 1384,78.99
PTX 1441A,82.99
PTX 1442,82.9
PTX 1442N6,92.49
PTX 1442P12,89.99
PTX 1442P6,87.99
PTX 1461,82.99
PTX 1481,75.99
PTX 1482,76.49
PTX 1483A,89.49
PTX 1484A,84.99
PTX 1485A,88.99
PTX 1511,78.49
PTX 15121,289.99
PTX 1521,80.95
PTX 1531,106.95
PTX 1541,75.49
PTX 1541N6,86.99
PTX 1541P12,83.5
PTX 1541P6,83.5
PTX 1542,74.99
PTX 1542N6,83.49
PTX 1542P12,87.69
PTX 1542P6,83.49
PTX 1543,77.99
PTX 1544,104.99
PTX 1544P12,126.99
PTX 1545,75.49
PTX 1545N6,87.65
PTX 1545P6,83.49
PTX 1546,79.99
PTX 1546N6,84.99
PTX 1548,83.99
PTX 1548N6,94.49
PTX 1549,114.79
PTX 1549N6,124.99
PTX 1561,77.99
PTX 1561P12,83.49
PTX 1561P6,86.99
PTX 1562,70.99
PTX 1562P12,83.49
PTX 1563B,82.99
PTX 1564,103.99
PTX 1564N6,109.99
PTX 1564P12,110.79
PTX 1564P6,110.79
PTX 1565,102.99
PTX 1566,119.64
PTX 1567,111.95
PTX 1567A,119.99
PTX 1567AN6,127.99
PTX 1568,126.99
PTX 1568N6,138.99
PTX 1568P6,138.99
PTX 1569,146.99
PTX 1569N24,154.99
PTX 1569N6,146.99
PTX 1569P6,163.99
PTX 1581,74.99
PTX 1581N6,83.49
PTX 1582,74.99
PTX 1584,77.49
PTX 1585A,96.99
PTX 1585AP6,113.99
PTX 1587,115.49
PTX 1587P6,125.99
PTX 1589,87.99
PTX 1631,79.99
PTX 1632,79.99
PTX 1641,74.99
PTX 1642,77.49
PTX 1645,78.49
PTX 1647,122.49
PTX 1661,75.49
PTX 1662,77.99
PTX 1665A,79.99
PTX 1741,73.49
PTX 1761,74.89
PTX 1762LS,83.99
PTX 1831,131.99
PTX 1832,131.99
PTX 1843,84.99
PTX 1844,114.99
PTX 1844N6,123.99
PTX 1845,118.99
PTX 1845N6,134.99
PTX 1847A,69.95
PTX 1847AN6,84.99
PTX 1847V,74.95
PTX 1847VN6,81.49
PTX 1848,112.49
PTX 1849,77.49
PTX 1849N6,88.31
PTX 1863,76.99
PTX 1864A,86.49
PTX 1864AN6,100.99
PTX 1864LA,83.95
PTX 1865,77.45
PTX 1866,79.99
PTX 1867A,76.49
PTX 1868,77.49
PTX 1869,77.49
PTX 1884,116.49
PTX 1885,84.19
PTX 1886,77.89
PTX 1941,75.49
PTX 1942,75.49
PTX 1943,74.99
PTX 1944,88.99
PTX 1945,93.69
PTX 1946,78.79
PTX 1947,77.49
PTX 1948,77.49
PTX 1949,104.99
PTX 2161,123.49
PTX 2161N6,140.99
PTX 2161P6,134.99
PTX 2541,101.99
PTX 2541N6,111.99
PTX 2542,98.75
PTX 2561,140.99
PTX 2561N6,154.99
PTX 2561P6,150.49
PTX 2562,93.99
PTX 2563LS,94.79
PTX 2563LSN6,107.79
PTX 2563LSP6,106.77
PTX 28010,35.99
PTX 2841,77.99
PTX 2842,77.49
PTX 2843,118.75
PTX 2843N6,142.99
PTX 2844,103.99
PTX 2845,101.27
PTX 2846,101.99
PTX 2847,98.99
PTX 2847N6,104.99
PTX 2848,94.89
PTX 2861,81.99
PTX 2862,101.9
PTX 2863,114.89
PTX 2863N24,125.99
PTX 2865,123.99
PTX 2866,294.99
PTX 30721,35.49
PTX 30728,218.99
PTX 30731,37.99
PTX 30738,244.99
PTX 30741,35.49
PTX 30748,209.99
PTX 30821,43.99
PTX 30828,234.99
PTX 30831,43.99
PTX 30838,249.99
PTX 30841,43.99
PTX 30848,234.99
PTX 40001,40.41
PTX 40011,37.35
PTX 40111,45.99
PTX 40501,41.95
PTX 40511,37.75
PTX 40611,43.49
PTX 44001,44.99
PTX 44011,41.95
PTX 45001,43.25
PTX 45011,40.85
PTX 45111,48.99
PTX 500,274.99
PTX 600,127.92
PTX 60103,71.23
PTX 60104,74.99
PTX 60115,72.99
PTX 60130,71.99
PTX 704101,45.99
PTX 708105,49.99
PTX 708190,57.99
PTX 71181,119.99
PTX 71281,112.95
PTX 71281D,117.39
PTX 71381A,118.99
PTX 7HO-181,137.99
PTX 7ML-181,121.99
PTX 808329,69.99
PTX 808330,69.99
PTX 808422,69.99
PTX 808423,69.99
PTX 818280,74.99
PTX 818380,74.99
PTX 818480,74.99
PTX 91144A,107.89
PTX 91145A,110.99
PTX 91146A,102.99
PTX 91162A,103.99
PTX 91163A,99.69
PTX 91164,101.99
PTX 91181,99.95
PTX 91183,113.99
PTX 91241LS,147.99
PTX 91243A,129.99
PTX 91261,98.59
PTX 91262,107.95
PTX 91263,109.89
PTX 91266,100.99
PTX 91281,99.95
PTX 91281DV,106.99
PTX 91282,102.49
PTX 91283,112.99
PTX 91284,109.99
PTX 91285LS,134.99
PTX 91361A,103.99
PTX 91381A,96.99
PTX 91382,104.99
PTX 91481,103.99
PTX 91482,107.89
PTX 91541,103.99
PTX 91542,110.99
PTX 91543,106.49
PTX 91546,106.99
PTX 91548,119.99
PTX 91561,106.89
PTX 91562,106.49
PTX 91563B,119.99
PTX 91564,131.99
PTX 91581,104.99
PTX 91582,102.99
PTX 91589,118.99
PTX 91641,104.99
PTX 91661,106.49
PTX 91662,107.49
PTX 91665A,104.49
PTX 91762,133.99
PTX 91762LS,116.59
PTX 91847A,101.49
PTX 91863,109.49
PTX 91865,107.85
PTX 91867A,106.99
PTX 91868,112.99
PTX 91885,112.99
PTX 91886,111.33
PTX 91941,106.33
PTX 91942,106.49
PTX 91943,110.99
PTX 91944,118.49
PTX 91945,120.49
PTX 91946,109.49
PTX 92563LS,123.99
PTX 9AC-181,104.99
PTX 9AC-181V,114.99
PTX 9CH-161,121.99
PTX 9CH-181,121.99
PTX 9FO-181,116.89
PTX 9FO-182,119.99
PTX 9HO-143,145.99
PTX 9HO-181,116.59
PTX 9HO-182,139.99
PTX 9LU-1121A,154.99
PTX 9LU-143,110.99
PTX 9LU-144,103.99
PTX 9LU-148,123.99
PTX 9LU-163,107.89
PTX 9LU-164,109.89
PTX 9LU-181,106.32
PTX 9LU-183,106.32
PTX 9LU-281,148.99
PTX 9MC-181,101.49
PTX 9ML-141C,110.99
PTX 9ML-141CC,104.99
PTX 9ML-161,104.99
PTX 9ML-181,109.99
PTX 9ML-182,114.99
PTX 9ML-186A,107.95
PTX 9ML-187A,173.99
PTX 9MR-1121A,294.99
PTX 9MR-1123,320.99
PTX 9MR-1124,314.99
PTX 9MR-161A,140.99
PTX 9MR-181A,274.99
PTX 9MR-182A,320.99
PTX 9MR-183,274.99
PTX 9MR-LS2,116.99
PTX 9RR-162,144.99
PTX AC-181,78.48
PTX AC-181V,81.99
PTX AC-182A,92.74
PTX CH-161,89.49
PTX CH-181,87.99
PTX D1000,193.99
PTX D1001,201.99
PTX D1002,201.99
PTX D100700,203.99
PTX D100701,212.99
PTX D100710,216.99
PTX D100711,223.99
PTX D100800,219.99
PTX D100801,210.95
PTX D100810,217.49
PTX D100811,215.95
PTX D101700,279.99
PTX D101701,249.49
PTX D101710,249.99
PTX D101711,249.99
PTX D101800,246.99
PTX D101801,249.49
PTX D101810,249.99
PTX D101811,249.99
PTX D1020,192.99
PTX D1021,197.75
PTX D104600,163.99
PTX D1050,216.49
PTX D1051,216.49
PTX D1052,216.49
PTX D105810,257.99
PTX D105811,257.99
PTX D106700,245.99
PTX D106701,245.99
PTX D106800,245.99
PTX D106801,245.99
PTX D1070,247.99
PTX D1071,258.99
PTX D107700,228.95
PTX D107701,229.99
PTX D107800,229.99
PTX D107801,229.99
PTX D1100,216.12
PTX D1101,213.99
PTX D1102,216.12
PTX D110700,267.99
PTX D110701,230.95
PTX D110710,269.99
PTX D110711,238.95
PTX D110800,267.99
PTX D110801,230.95
PTX D110810,269.99
PTX D110811,239.49
PTX D11-18A,186.99
PTX D1170,263.49
PTX D1171,268.99
PTX D1200,228.99
PTX D1201,210.99
PTX D1202,238.99
PTX D120700,265.95
PTX D120701,267.99
PTX D120710,268.99
PTX D120711,236.95
PTX D120800,233.49
PTX D120801,230.95
PTX D120810,239.49
PTX D120811,239.49
PTX D1270,294.99
PTX D1272,263.49
PTX D130700,220.25
PTX D130701,243.99
PTX D130710,220.99
PTX D130711,237.99
PTX D130800,248.99
PTX D130801,248.99
PTX D130810,253.99
PTX D130811,254.99
PTX D131700,229.99
PTX D131701,248.99
PTX D131710,237.99
PTX D131711,254.99
PTX D131800,248.99
PTX D131801,248.99
PTX D131810,254.99
PTX D131811,226.99
PTX D132700,217.99
PTX D132701,248.99
PTX D132710,237.99
PTX D132711,225.95
PTX D132800,249.49
PTX D132801,248.99
PTX D132810,254.99
PTX D132811,254.99
PTX D133700,239.99
PTX D133701,253.99
PTX D133710,248.99
PTX D133711,268.99
PTX D133800,259.99
PTX D133801,232.99
PTX D133810,268.99
PTX D133811,238.99
PTX D1350,240.95
PTX D1352,269.99
PTX D1370,339.99
PTX D1372,299.49
PTX D141700,243.99
PTX D141701,264.99
PTX D141710,268.99
PTX D141711,268.99
PTX D141800,231.99
PTX D141801,264.99
PTX D141810,238.99
PTX D141811,238.99
PTX D142700,243.99
PTX D142701,243.99
PTX D142710,268.99
PTX D142711,234.99
PTX D142800,264.99
PTX D142801,229.99
PTX D142810,238.99
PTX D142811,268.99
PTX D143700,262.99
PTX D143701,232.99
PTX D143710,268.99
PTX D143711,238.99
PTX D143800,243.99
PTX D143801,264.99
PTX D143810,232.99
PTX D143811,238.99
PTX D150700,267.99
PTX D150701,231.99
PTX D150710,268.99
PTX D150711,271.99
PTX D150800,232.99
PTX D150801,232.99
PTX D150810,238.99
PTX D150811,239.49
PTX D160700,223.95
PTX D160701,267.99
PTX D160710,268.99
PTX D160711,238.99
PTX D160800,232.99
PTX D160801,232.99
PTX D160810,238.99
PTX D160811,238.99
PTX D170600,183.99
PTX D170609,209.99
PTX D171600,209.99
PTX D174510,219.95
PTX D175510,198.99
PTX D175520,154.99
PTX D176600,157.99
PTX D176609,204.99
PTX D177600,179.99
PTX D178600,186.99
PTX D178609,194.99
PTX D179600,194.99
PTX D180810,214.99
PTX D180813,204.99
PTX D186504,124.99
PTX D186604,124.99
PTX D186810,178.99
PTX D186813,170.99
PTX D189504,139.99
PTX D189604,124.99
PTX D190500,184.99
PTX D190509,194.99
PTX D190600,198.99
PTX D190609,214.99
PTX D2000,47.75
PTX D2001,62.95
PTX D2002,54.49
PTX D200800,224.89
PTX D200801,232.95
PTX D200810,242.95
PTX D200811,258.99
PTX D2010,57.49
PTX D2070,61.59
PTX D209800,248.99
PTX D209801,249.99
PTX D21-11A,188.99
PTX D21-12A,186.99
PTX D21-13A,186.99
PTX D23-02A,216.95
PTX D230800,229.99
PTX D230801,264.99
PTX D231800,244.99
PTX D231801,264.99
PTX D232800,266.99
PTX D232801,264.99
PTX D241800,284.99
PTX D241801,284.99
PTX D3000,47.95
PTX D3001,52.95
PTX D3002,52.99
PTX D300810,204.99
PTX D300811,204.99
PTX D305810,299.95
PTX D305811,299.95
PTX D3070,64.99
PTX D33-03A,190.99
PTX D33-03AM,190.99
PTX D41-01A,184.99
PTX D41-05A,163.95
PTX D41-09B,168.99
PTX D41-10B,184.99
PTX D41-11B,207.99
PTX D41-19A,184.99
PTX D41-20A,184.99
PTX D41-26A,269.99
PTX D41-27A,269.99
PTX D41-27AP6,276.4
PTX D41-28A,299.99
PTX D43-04B,210.99
PTX D43-04BM,199.99
PTX D61-06A,167.99
PTX D61-12A,190.99
PTX D61-19B,190.99
PTX D7100700,236.99
PTX D7100701,224.49
PTX D7100710,241.99
PTX D7100711,234.99
PTX D7100800,254.99
PTX D7100801,248.99
PTX D7100810,237.99
PTX D7100811,231.99
PTX D7101700,299.99
PTX D7101701,299.99
PTX D7101710,318.99
PTX D7101711,277.99
PTX D7101800,271.99
PTX D7101801,271.99
PTX D7101810,277.99
PTX D7101811,277.99
PTX D7105810,319.99
PTX D7105811,319.99
PTX D7110700,284.99
PTX D7110701,249.99
PTX D7110710,255.99
PTX D7110711,246.99
PTX D7110800,284.99
PTX D7110801,249.99
PTX D7110810,288.99
PTX D7110811,255.99
PTX D7120700,246.99
PTX D7120701,249.99
PTX D7120710,288.99
PTX D7120711,288.99
PTX D7120800,249.99
PTX D7120801,284.99
PTX D7120810,288.99
PTX D7120811,255.99
PTX D7130700,235.99
PTX D7130701,268.99
PTX D7130710,274.99
PTX D7130711,274.99
PTX D7130800,238.99
PTX D7130801,268.99
PTX D7130810,278.99
PTX D7130811,274.99
PTX D7131700,268.99
PTX D7131701,268.99
PTX D7131710,277.99
PTX D7131711,274.99
PTX D7131800,268.99
PTX D7131801,268.99
PTX D7131810,274.99
PTX D7131811,277.99
PTX D7132700,235.99
PTX D7132701,268.99
PTX D7132710,274.99
PTX D7132711,274.99
PTX D7132800,269.99
PTX D7132801,268.99
PTX D7132810,279.99
PTX D7132811,274.99
PTX D7133700,279.99
PTX D7133701,284.99
PTX D7133710,252.95
PTX D7133711,288.99
PTX D7133800,284.99
PTX D7133801,284.99
PTX D7133810,288.99
PTX D7133811,288.99
PTX D7141700,284.99
PTX D7141701,284.99
PTX D7141710,291.99
PTX D7141711,288.99
PTX D7141800,287.99
PTX D7141801,286.99
PTX D7141810,285.99
PTX D7141811,288.99
PTX D7142700,245.99
PTX D7142701,284.99
PTX D7142710,288.99
PTX D7142711,288.99
PTX D7142800,284.99
PTX D7142801,284.99
PTX D7142810,288.99
PTX D7142811,289.99
PTX D7143700,286.99
PTX D7143701,284.99
PTX D7143710,288.99
PTX D7143711,288.99
PTX D7143800,279.99
PTX D7143801,284.99
PTX D7143810,288.99
PTX D7143811,288.99
PTX D7150700,246.95
PTX D7150701,249.99
PTX D7150710,255.99
PTX D7150711,255.99
PTX D7150800,249.99
PTX D7150801,249.99
PTX D7150810,255.99
PTX D7150811,255.99
PTX D7160700,285.99
PTX D7160701,249.99
PTX D7160710,288.99
PTX D7160711,288.99
PTX D7160800,284.99
PTX D7160801,249.99
PTX D7160810,255.99
PTX D7160811,255.99
PTX D72000,75.99
PTX D8000,120.99
PTX D8001,120.99
PTX D8002,120.99
PTX D8010,126.99
PTX D8011,126.99
PTX D8012,126.99
PTX D8070,129.99
PTX D8071,129.99
PTX DE-1121,374.99
PTX DU-141,96.49
PTX EP-141,74.99
PTX EP-141N6,89.28
PTX EP-142,85.99
PTX FO-181,85.49
PTX FO-182,89.49
PTX HO-141,111.99
PTX HO-142,146.99
PTX HO-143,115.99
PTX HO-161A,148.99
PTX HO-181,89.99
PTX HO-182,101.49
PTX HO-183,90.49
PTX LU-1121A,129.99
PTX LU-1122A,117.99
PTX LU-142A,74.95
PTX LU-142AP12,86.99
PTX LU-142AP6,83.49
PTX LU-143,72.49
PTX LU-143P12,83.49
PTX LU-144,75.49
PTX LU-144P12,96.99
PTX LU-145,104.99
PTX LU-145P12,116.99
PTX LU-146LS,94.99
PTX LU-146LSP12,106.99
PTX LU-146M,92.99
PTX LU-146MP12,99.49
PTX LU-146P12,99.99
PTX LU-147A,89.99
PTX LU-148,87.99
PTX LU-148P12,95.99
PTX LU-149,84.95
PTX LU-149P12,88.99
PTX LU-161,97.49
PTX LU-162A,77.55
PTX LU-162AP12,83.99
PTX LU-163,77.49
PTX LU-164,81.99
PTX LU-165,86.99
PTX LU-165P12,89.49
PTX LU-166A,76.49
PTX LU-166AP12,83.49
PTX LU-167,104.99
PTX LU-168LS,126.99
PTX LU-168LSP12,144.95
PTX LU-181A,78.49
PTX LU-186,187.49
PTX LU-186P12,186.99
PTX LU-186P6,186.99
PTX LU-241LS,83.49
PTX LU-241LSP12,92.99
PTX LU-241LSP6,92.99
PTX LU-243,96.99
PTX LU-244,145.99
PTX LU-263,84.49
PTX LU-281,118.99
PTX MA-141,74.99
PTX MC-181,77.95
PTX ML-131,97.99
PTX ML-141C,84.99
PTX ML-141CC,91.99
PTX ML-141CCP12,87.49
PTX ML-141CCP6,84.99
PTX ML-141CP12,83.49
PTX ML-141CP6,83.49
PTX ML-161,75.49
PTX ML-162,107.13
PTX ML-162P12,115.36
PTX ML-181,73.95
PTX ML-181P6,94.49
PTX ML-182,91.99
PTX ML-186A,78.49
PTX ML-187A,144.99
PTX ML-189,131.99
PTX MR-1121A,239.99
PTX MR-1122A,224.99
PTX MR-1123,254.99
PTX MR-1124,285.99
PTX MR-122,98.99
PTX MR-143,119.89
PTX MR-144,119.89
PTX MR-145,104.99
PTX MR-146,224.99
PTX MR-147,106.99
PTX MR-161A,118.49
PTX MR-181A,229.99
PTX MR-182A,254.99
PTX MR-183,224.99
PTX MR-LS1,76.99
PTX MR-LS2,79.99
PTX MR-LS3,82.99
PTX MV-161A,135.99
PTX NE-141,132.99
PTX NE-141P12,142.99
PTX NE-161,139.99
PTX NE-161P6,141.49
PTX RR-162,108.99
PTX RR-162P12,117.75
PTX RR-164,399.99
PTX RR-164P12,399.99
PTX RR-181,211.99
PTX RR-181P12,232.99
PTX RR-182,206.99
PTX SV-141,98.49
PTX SV-142,102.99
PTX SV-142N6,112.89
PTX SV-161,103.89
PTX SV-161N6,112.89
PTX WO-141,99.99
