QUI	50-020	65.95
QUI	50-022	57.65
QUI	50-053	45.9
QUI	50-102	35.55
QUI	50-163	109.99
QUI	50-200	25.99
QUI	50-201	24.98
QUI	50-230	165.99
QUI	50-232	173.95
QUI	50-430	25.93
QUI	50-501	20.95
QUI	55-009	39.9
QUI	55-012	39
QUI	56-007	20.89
QUI	56-008	21.65
QUI	56-022	44.9
QUI	56-042	45.72
QUI	56-062	45.72
QUI	56-065	68.9
QUI	56-260	76.7
QUI	57-009	61.97
QUI	57-010	83.85
QUI	57-012	145.9
QUI	57-620	27.99
QUI	57-700	17.49
QUI	57-703	33.85
QUI	57-820	11.43
QUI	58-221	59.95
QUI	58-222	59.95
QUI	58-223	59.95
QUI	58-224	59.95
QUI	58-225	59.95
QUI	58-231	59.95
QUI	58-232	59.95
QUI	58-233	59.95
QUI	58-234	59.95
QUI	58-235	59.95
QUI	58-241	24.95
QUI	58-242	24.95
QUI	58-243	24.95
QUI	61-0601	229.75
QUI	61-0621	318.99
QUI	61-0652	617.99
QUI	61-0661	509.99
QUI	61-101	68.75
QUI	61-103	68.99
QUI	61-5001	113.95
QUI	61-5012	158.99
QUI	61-5031	269.95
QUI	61-5042	319.95
QUI	61-6001	99.95
QUI	61-6012	149.95
QUI	61-6031	266.75
QUI	61-6042	304.75
QUI	61-711	28.45
QUI	61-712	24.94
QUI	61-714	39.95
QUI	61-719	31.3
QUI	61-740	24.95
QUI	611-1000	29.95
QUI	611-1001	159.95
QUI	611-1002	159.95
QUI	611-1003	29.95
QUI	611-1006	43.95
QUI	611-3421	57.95
QUI	611-4521	79.99
QUI	611-6000	35.35
QUI	611-6001	142.75
QUI	611-6002	144.95
QUI	611-6003	34.95
QUI	611-6006	48.99
QUI	68-001	54.98
QUI	68-0011	53.99
QUI	68-0012	53.99
QUI	68-003	55.99
QUI	68-0031	55.99
QUI	68-0032	55.99
QUI	08-080	14.1
QUI	08-085	14.2
QUI	08-090	14.3
QUI	08-095	14.45
QUI	08-100	14.55
QUI	08-105	14.65
QUI	08-110	14.75
QUI	08-115	14.9
QUI	08-120	15
QUI	08-125	15.1
QUI	08-130	15.2
QUI	08-135	15.3
QUI	08-140	15.4
QUI	08-145	15.55
QUI	08-150	15.65
QUI	08-155	15.75
QUI	08-160	15.85
QUI	08-165	16
QUI	08-170	16.1
QUI	08-175	16.2
QUI	08-180	16.3
QUI	08-185	16.4
QUI	08-190	16.5
QUI	08-195	16.65
QUI	08-200	16.75
QUI	31-060	13.7
QUI	31-065	13.8
QUI	31-070	13.9
QUI	31-075	14
QUI	31-080	14.1
QUI	31-085	14.2
QUI	31-090	14.3
QUI	31-095	14.45
QUI	31-100	14.55
QUI	31-105	14.65
QUI	31-110	14.75
QUI	31-115	14.9
QUI	31-120	15
QUI	31-125	15.1
QUI	31-130	15.2
QUI	31-135	15.3
QUI	31-140	15.4
QUI	31-145	15.55
QUI	31-150	15.65
QUI	31-155	15.75
QUI	31-160	15.85
QUI	31-165	16
QUI	31-170	16.1
QUI	31-175	16.2
QUI	31-180	16.3
QUI	31-185	16.4
QUI	31-190	16.5
QUI	31-195	16.65
QUI	31-200	16.75
QUI	31-205	16.85
QUI	31-210	16.95
QUI	31-215	17.05
QUI	31-220	17.2
QUI	31-225	17.3
QUI	31-230	17.4
QUI	31-235	17.5
QUI	31-240	17.6
QUI	31-245	17.7
QUI	31-250	17.8
QUI	31-255	17.9
QUI	31-260	18
QUI	38-080	14.1
QUI	38-085	14.2
QUI	38-090	14.3
QUI	38-095	14.45
QUI	38-100	14.55
QUI	38-105	14.65
QUI	38-110	14.75
QUI	38-115	14.9
QUI	38-120	15
QUI	38-125	15.1
QUI	38-130	15.2
QUI	38-135	15.3
QUI	38-140	15.4
QUI	38-145	15.55
QUI	38-150	15.65
QUI	38-155	15.75
QUI	38-160	15.85
QUI	38-165	16
QUI	38-170	16.1
QUI	38-175	16.2
QUI	38-180	16.3
QUI	38-185	16.4
QUI	38-190	16.5
QUI	38-195	16.65
QUI	38-200	16.75
QUI	40-100	299.95
QUI	40-121	38.95
QUI	40-123	38.95
QUI	40-125	38.95
QUI	40-127	38.95
QUI	40-150	269.95
QUI	40-181	43.95
QUI	40-183	43.95
QUI	40-185	43.95
QUI	40-187	43.95
QUI	40-241	47.95
QUI	40-243	47.95
QUI	40-245	47.95
QUI	40-247	47.95
QUI	40-300	299.95
QUI	40-350	269.95
QUI	40-361	59.95
QUI	40-363	59.95
QUI	40-365	59.95
QUI	40-367	59.95
QUI	40-421	71.95
QUI	40-423	71.95
QUI	40-425	71.95
QUI	40-427	71.95
QUI	40-500	219.95
QUI	40-700	219.95
QUI	50-001	25.95
QUI	50-003	3.5
QUI	50-004	3.25
QUI	50-023	54.95
QUI	50-025	59.95
QUI	50-031	69.95
QUI	50-033	79.95
QUI	50-034	10.95
QUI	50-052	36.95
QUI	50-103	37.95
QUI	50-164	104.95
QUI	50-165	67.95
QUI	50-166	79.95
QUI	50-1711	121.95
QUI	50-1713	131.95
QUI	50-1714	174.95
QUI	50-190	76.95
QUI	50-2001	4.95
QUI	50-2002	4.95
QUI	50-2006	39.95
QUI	50-2007	39.95
QUI	50-2008	21.95
QUI	50-2021	109.95
QUI	50-2030	119.95
QUI	50-2031	72.95
QUI	50-2032	57.95
QUI	50-2034	98.95
QUI	50-2037	119.95
QUI	50-2051	98.95
QUI	50-207	15.95
QUI	50-212	619.95
QUI	50-231	169.95
QUI	50-234	139.95
QUI	50-235	149.95
QUI	50-236	129.95
QUI	50-300  	0.59
QUI	50-301	0.59
QUI	50-302	0.59
QUI	50-303	0.59
QUI	50-310	3.69
QUI	50-311	3.09
QUI	50-312	6.09
QUI	50-320	4.09
QUI	50-321	3.69
QUI	50-322	7.09
QUI	50-330	4.49
QUI	50-331	4.09
QUI	50-332	7.69
QUI	50-340	5.09
QUI	50-341	4.49
QUI	50-342	8.79
QUI	50-360	5.49
QUI	50-361	5.09
QUI	50-362	9.59
QUI	50-380	99.95
QUI	50-393	31.95
QUI	50-395	119.95
QUI	50-398	159.95
QUI	50-399	9.95
QUI	50-400	20.95
QUI	50-401	20.95
QUI	50-402	33.95
QUI	50-403	39.95
QUI	50-410	20.95
QUI	50-415	20.95
QUI	50-417	22.95
QUI	50-420	27.95
QUI	50-421	4.99
QUI	50-422	6.95
QUI	50-424	6.95
QUI	50-434	22.95
QUI	50-435	6.95
QUI	50-440	35.95
QUI	50-442	22.95
QUI	50-500	9.95
QUI	50-502	27.95
QUI	50-503	14.95
QUI	50-504	14.95
QUI	50-505	9.95
QUI	50-506	9.95
QUI	50-507	33.95
QUI	50-510	9.95
QUI	50-512	12.95
QUI	50-513	5.39
QUI	50-514	4.95
QUI	50-520	17.95
QUI	50-522	12.95
QUI	50-524	4.95
QUI	50-526	4.95
QUI	50-601	7.95
QUI	50-609	7.95
QUI	50-610	4.95
QUI	50-711	89.95
QUI	50-7164	239.95
QUI	50-720	76.95
QUI	50-731	86.95
QUI	50-740	100.95
QUI	50-7411	115.95
QUI	50-7431	109.95
QUI	50-750	71.95
QUI	50-7531	76.95
QUI	50-7611	144.95
QUI	50-7614	164.95
QUI	50-7631	129.95
QUI	50-7711	121.95
QUI	50-7713	131.95
QUI	50-7714	174.95
QUI	50-7731	114.95
QUI	50-790	76.95
QUI	50-7911	89.95
QUI	50-7931	86.95
QUI	50-802	32.95
QUI	50-803	37.95
QUI	50-820	65.95
QUI	50-822	49.95
QUI	50-823	54.95
QUI	50-825	59.95
QUI	50-830	179.95
QUI	50-831	169.95
QUI	50-832	179.95
QUI	50-833	79.95
QUI	50-834	139.95
QUI	50-835	149.95
QUI	50-836	129.95
QUI	50-852	36.95
QUI	50-853	41.95
QUI	50-863	89.95
QUI	50-864	104.95
QUI	50-865	67.95
QUI	50-866	79.95
QUI	51-004	25.95
QUI	51-017	59.95
QUI	51-037	31.95
QUI	51-038	31.95
QUI	51-039	31.95
QUI	51-040	31.95
QUI	51-041	29.95
QUI	51-043	29.95
QUI	51-044	29.95
QUI	51-046	29.95
QUI	51-048	32.95
QUI	51-051	80.95
QUI	51-0512	69.95
QUI	51-052	80.95
QUI	51-0522	69.95
QUI	51-053	80.95
QUI	51-0532	69.95
QUI	51-054	80.95
QUI	51-0542	69.95
QUI	51-064	73.95
QUI	51-070	86.95
QUI	51-071	144.95
QUI	51-201      	7.95
QUI	51-210	7.95
QUI	51-215	7.95
QUI	51-230	7.95
QUI	51-235	8.95
QUI	51-236	7.95
QUI	51-237	7.95
QUI	52-163	109.95
QUI	52-164	132.95
QUI	52-165	71.95
QUI	52-166	96.95
QUI	52-500	8.95
QUI	52-510	9.95
QUI	52-512	11.95
QUI	52-515	8.95
QUI	52-601	10.95
QUI	52-602	10.95
QUI	52-604	10.95
QUI	52-609	10.95
QUI	52-615	12.95
QUI	52-863	109.95
QUI	52-864	132.95
QUI	52-865	71.95
QUI	52-866	96.95
QUI	55-001	25.95
QUI	55-002	28.95
QUI	55-003	18.95
QUI	55-004	3.69
QUI	55-010	29.95
QUI	55-011	32.95
QUI	55-021	29.95
QUI	55-022	32.95
QUI	55-120	4.95
QUI	55-55	3.95
QUI	56-001	17.95
QUI	56-002	15.95
QUI	56-0021	20.95
QUI	56-0022	20.95
QUI	56-003	5.95
QUI	56-004	15.95
QUI	56-0041	20.95
QUI	56-0042	20.95
QUI	56-006	15.95
QUI	56-0061	20.95
QUI	56-0062	20.95
QUI	56-009	16.95
QUI	56-010	12.95
QUI	56-020	32.95
QUI	56-021	38.95
QUI	56-040	32.95
QUI	56-041	38.95
QUI	56-060	32.95
QUI	56-061	38.95
QUI	56-070	39.95
QUI	56-085	89.95
QUI	56-100	9.95
QUI	56-102	159.95
QUI	56-104	19.95
QUI	56-105	89.95
QUI	56-108	20.95
QUI	56-110	4.95
QUI	56-111	4.95
QUI	56-115	3.79
QUI	56-116	12.95
QUI	56-119	4.95
QUI	56-120	6.95
QUI	56-121	8.95
QUI	56-122	10.95
QUI	56-123	13.95
QUI	56-124	33.95
QUI	56-155	59.95
QUI	56-161	209.95
QUI	56-162	209.95
QUI	56-163	124.95
QUI	56-167	49.95
QUI	56-168	49.95
QUI	56-169	49.95
QUI	56-170	49.95
QUI	56-207	9.95
QUI	56-208	39.95
QUI	56-220	69.95
QUI	56-221	75.95
QUI	56-222	75.95
QUI	56-240	69.95
QUI	56-241	75.95
QUI	56-242	75.95
QUI	56-261	75.95
QUI	56-262	75.95
QUI	56-270	75.95
QUI	56-285	99.95
QUI	56-830	139.95
QUI	56-831	109.95
QUI	56-833	134.95
QUI	56-834	134.95
QUI	56-835	134.95
QUI	56-836	134.95
QUI	56-837	59.95
QUI	56-838	39.95
QUI	56-839	39.95
QUI	56-842	39.95
QUI	56-843	39.95
QUI	56-844	39.95
QUI	56-845	39.95
QUI	56-9001	3.95
QUI	56-9002	4.95
QUI	56-9141	5.95
QUI	56-9143	5.95
QUI	56-9144	5.95
QUI	56-9145	5.95
QUI	57-008	67.95
QUI	57-011	83.95
QUI	57-014	92.95
QUI	57-091	3.25
QUI	57-092	299.95
QUI	57-093	3.25
QUI	57-094	299.95
QUI	57-101	4.5
QUI	57-102	425.95
QUI	57-103	4.5
QUI	57-104	425.95
QUI	57-1809	14.95
QUI	57-1810	17.95
QUI	57-200	5.95
QUI	57-201	1.5
QUI	57-2011	13.95
QUI	57-203	1.5
QUI	57-2031	13.95
QUI	57-236	1.5
QUI	57-2361	13.95
QUI	57-240	1.95
QUI	57-2401	17.95
QUI	57-440	0.59
QUI	57-441	0.59
QUI	57-443	0.59
QUI	57-445	0.59
QUI	57-450	2.39
QUI	57-470	2.39
QUI	57-490	2.99
QUI	57-520	4.95
QUI	57-525	4.95
QUI	57-530	4.95
QUI	57-540	5.95
QUI	57-550	5.95
QUI	57-601	5.95
QUI	57-602	5.95
QUI	57-604	4.95
QUI	57-607	6.95
QUI	57-610	10.95
QUI	57-660	15.95
QUI	57-701	15.95
QUI	57-702	15.95
QUI	57-704    	11.95
QUI	57-705    	14.95
QUI	57-706	12.95
QUI	57-708	23.95
QUI	57-709	25.95
QUI	57-710	22.95
QUI	57-711	32.95
QUI	57-718	48.95
QUI	57-719	50.95
QUI	57-720	9.95
QUI	57-721	38.95
QUI	57-723	47.95
QUI	57-750	6.95
QUI	57-810    	4.95
QUI	57-820    	6.95
QUI	57-830    	6.95
QUI	57-944	3.49
QUI	58-011	81.95
QUI	58-012	81.95
QUI	58-013	81.95
QUI	58-016	26.95
QUI	58-020	26.95
QUI	58-021	29.95
QUI	58-022	29.95
QUI	58-023	29.95
QUI	58-024	25.95
QUI	58-025	25.95
QUI	58-026	25.95
QUI	58-030	37.95
QUI	58-031	34.95
QUI	58-032	26.95
QUI	58-034	19.95
QUI	58-035	19.95
QUI	58-036	19.95
QUI	58-037	19.95
QUI	58-041	19.95
QUI	58-042	19.95
QUI	58-043	19.95
QUI	58-044	22.95
QUI	58-046	79.95
QUI	58-047	33.95
QUI	58-048	33.95
QUI	58-049	33.95
QUI	58-210	69.95
QUI	58-211	25.95
QUI	58-212	23.95
QUI	58-236	14.95
QUI	58-237	13.95
QUI	58-238	14.95
QUI	58-239	14.95
QUI	58-240	14.95
QUI	58-244	27.95
QUI	58-245	18.95
QUI	58-250	23.95
QUI	60-000	19.95
QUI	60-003	29.95
QUI	60-005	21.95
QUI	60-008	19.95
QUI	60-009	23.95
QUI	60-010	27.95
QUI	60-013	34.95
QUI	60-015	25.95
QUI	60-018	36.95
QUI	60-020	69.95
QUI	60-030	89.95
QUI	60-032	6.95
QUI	60-034	59.95
QUI	60-035	49.95
QUI	60-037	83.95
QUI	60-039	36.95
QUI	60-040	16.95
QUI	60-041	89.95
QUI	60-045	68.95
QUI	60-050	56.95
QUI	61-0101	207.95
QUI	61-0151	264.95
QUI	61-0171	239.95
QUI	61-0201	324.95
QUI	61-0211	284.95
QUI	61-0251	422.95
QUI	61-0261	379.95
QUI	61-0271	381.95
QUI	61-0281	349.95
QUI	61-0301	409.95
QUI	61-0311	519.95
QUI	61-0321	474.95
QUI	61-0371	564.95
QUI	61-0381	624.95
QUI	61-0391	579.95
QUI	61-0401	689.95
QUI	61-0411	649.95
QUI	61-0451	759.95
QUI	61-0461	714.95
QUI	61-0471	699.95
QUI	61-0481	649.95
QUI	61-0501	729.95
QUI	61-0551	839.95
QUI	61-0571	769.95
QUI	61-0604	265.95
QUI	61-0605	299.95
QUI	61-0606	269.95
QUI	61-0611	395.95
QUI	61-0631	499.95
QUI	61-0641	869.95
QUI	61-0651	769.95
QUI	61-0704	284.95
QUI	61-0705	319.95
QUI	611- 5411 	86.95
QUI	61-105	69.95
QUI	611-096	20.95
QUI	611-098	18.95
QUI	611-099	279.95
QUI	611-100	279.95
QUI	611-3411 	59.95
QUI	611-3431 	86.95
QUI	611-3441 	89.95
QUI	611-4411 	66.95
QUI	611-4421 	69.95
QUI	611-4431 	102.95
QUI	611-4441 	107.95
QUI	611-4494	314.95
QUI	611-4511  	77.95
QUI	611-4521  	77.95
QUI	611-4531  	114.95
QUI	611-4541	121.95
QUI	611-4594	359.95
QUI	611-5421	80.95
QUI	611-5431 	124.95
QUI	611-5441 	124.95
QUI	611-6004	51.95
QUI	611-6005	84.95
QUI	611-6007	28.95
QUI	611-6008	35.95
QUI	611-6009	39.95
QUI	611-6601	307.95
QUI	611-6801	324.95
QUI	611-7000	67.95
QUI	611-7003	67.95
QUI	611-7006	84.95
QUI	611-7007	66.95
QUI	611-7009	84.95
QUI	611-7010	139.95
QUI	611-7012	84.95
QUI	611-900	4.95
QUI	611-901	5.95
QUI	611-902	5.95
QUI	611-903	10.95
QUI	611-904	4.95
QUI	611-905	4.95
QUI	61-300	104.95
QUI	61-6004	174.95
QUI	61-6005	219.95
QUI	61-6005-1	226.95
QUI	61-6006	174.95
QUI	61-6011	154.95
QUI	61-6021	199.95
QUI	61-6024	369.95
QUI	61-60313	264.95
QUI	61-6041	304.95
QUI	61-60413	314.95
QUI	61-60423	314.95
QUI	61-6051	364.95
QUI	61-60513	374.95
QUI	61-6701	99.95
QUI	61-6711	154.95
QUI	61-6712	149.95
QUI	61-6717	149.95
QUI	61-6721	199.95
QUI	61-6724	369.95
QUI	61-6731	254.95
QUI	61-67313	264.95
QUI	61-6741	304.95
QUI	61-67413	314.95
QUI	61-6742	304.95
QUI	61-67423	314.95
QUI	61-6751	364.95
QUI	61-67513	374.95
QUI	61-691	4.95
QUI	61-692	4.95
QUI	61-693	4.95
QUI	61-694	4.95
QUI	61-697	4.95
QUI	61-698	16.95
QUI	61-699	4.5
QUI	61-7001	209.95
QUI	61-7004	194.95
QUI	61-7005	239.95
QUI	61-701	8.95
QUI	61-7011	309.95
QUI	61-7012	299.95
QUI	61-7017	299.95
QUI	61-702	8.95
QUI	61-7021	409.95
QUI	61-7024	539.95
QUI	61-7031	349.95
QUI	61-704      	8.95
QUI	61-7041	449.95
QUI	61-7042	439.95
QUI	61-7051	549.95
QUI	61-706	33.95
QUI	61-709      	8.95
QUI	61-710	7.95
QUI	61-7101	13.95
QUI	61-71012	15.95
QUI	61-71024	18.95
QUI	61-71036	21.95
QUI	61-71048	24.95
QUI	61-71060	28.95
QUI	61-711     	21.95
QUI	61-712     	22.95
QUI	61-713	21.95
QUI	61-714     	28.95
QUI	61-716	55.95
QUI	61-717	36.95
QUI	61-718	53.95
QUI	61-720	3.95
QUI	61-721	4.95
QUI	61-722	18.95
QUI	61-723	7.95
QUI	61-724	3.95
QUI	61-725	3.95
QUI	61-726	12.95
QUI	61-727	12.95
QUI	61-729	4.19
QUI	61-730	14.95
QUI	61-733	14.95
QUI	61-735	14.95
QUI	61-748	15.95
QUI	61-750	15.95
QUI	61-755	64.95
QUI	61-7724	539.95
QUI	61-790	26.95
QUI	61-791	15.95
QUI	61-792	15.95
QUI	61-793	15.95
QUI	61-794	15.95
QUI	61-795	49.95
QUI	61-9101	8.95
QUI	61-9790	15.95
QUI	61-9795	15.95
QUI	62-070	16.75
QUI	62-075	16.95
QUI	62-080	17.05
QUI	62-085	17.25
QUI	62-090	17.4
QUI	62-095	17.55
QUI	62-100	17.7
QUI	62-105	17.9
QUI	62-110	18.1
QUI	62-115	18.35
QUI	62-120	18.55
QUI	62-125	18.8
QUI	62-130	19.05
QUI	62-135	19.25
QUI	62-140	19.5
QUI	62-145	19.75
QUI	62-150	20
QUI	62-155	20.25
QUI	62-160	20.5
QUI	62-165	20.7
QUI	62-170	20.95
QUI	62-175	21.15
QUI	62-180	21.4
QUI	62-185	21.65
QUI	62-190	21.85
QUI	62-195	22.1
QUI	62-200	22.4
QUI	62-205	22.7
QUI	62-210	22.95
QUI	62-215	23.2
QUI	62-220	23.5
QUI	62-225	23.8
QUI	62-230	24.1
QUI	62-235	24.6
QUI	62-240	25
QUI	62-280	28.1
QUI	62-310	30.5
QUI	62-390	38.7
QUI	62-400	39.5
QUI	62-457	44.95
QUI	62-465	45.35
QUI	62-477	45.75
QUI	62-480	46.1
QUI	62-487	46.5
QUI	62-490	46.9
QUI	62-500	47.3
QUI	62-510	47.7
QUI	62-600	65.25
QUI	63-000	117.95
QUI	63-001	269.95
QUI	63-002	269.95
QUI	63-003	117.95
QUI	63-006	113.95
QUI	63-007	113.95
QUI	63-008	117.95
QUI	63-009	113.95
QUI	63-012	113.95
QUI	63-2001	269.95
QUI	63-220	17.95
QUI	63-230	64.95
QUI	63-240	79.95
QUI	63-3011	385.95
QUI	63-3012	454.95
QUI	63-3016	429.95
QUI	63-3017	369.95
QUI	63-4021	564.95
QUI	63-4026	599.95
QUI	63-4027	479.95
QUI	63-5036	699.95
QUI	63-5037	659.95
QUI	64-010 	29.95
QUI	64-015 	15.95
QUI	64-020 	29.95
QUI	64-076	34.95
QUI	64-077	59.95
QUI	64-078	49.95
QUI	64-086	795
QUI	64-087	489
QUI	64-088	79.95
QUI	64-140 	55.95
QUI	64-145 	12.95
QUI	64-146	23.95
QUI	64-148	12.95
QUI	64-149	12.95
QUI	64-150 	29.95
QUI	64-157	37.95
QUI	64-158	37.95
QUI	64-162	35.95
QUI	64-169	6.95
QUI	64-175	17.95
QUI	64-176	17.95
QUI	64-180	13.95
QUI	64-208 	16.95
QUI	64-210 	4.45
QUI	64-225 	13.95
QUI	64-230 	9.95
QUI	64-253 	29.95
QUI	64-255 	36.95
QUI	64-257 	14.95
QUI	64-260 	27.95
QUI	64-261 	17.95
QUI	64-262	54.95
QUI	64-400 	3.49
QUI	64-401 	10.95
QUI	64-403 	8.95
QUI	64-510	69.95
QUI	64-511	69.95
QUI	64-703	5.95
QUI	64-704	58.95
QUI	64-706	56.95
QUI	64-708	79.95
QUI	64-709	94.95
QUI	64-720	53.95
QUI	64-730	53.95
QUI	65-096	12.95
QUI	65-106      	12.95
QUI	65-192	12.95
QUI	65-196	12.95
QUI	66-100	75.95
QUI	66-105	22.95
QUI	66-106	22.95
QUI	66-400	149.95
QUI	66-499	164.95
QUI	66-500	139.95
QUI	66-501	15.95
QUI	66-502	15.95
QUI	66-503	15.95
QUI	66-504	15.95
QUI	66-506	15.95
QUI	66-508	117.95
QUI	66-509	15.95
QUI	66-512	21.95
QUI	66-520	32.95
QUI	66-530	32.95
QUI	66-550	369.95
QUI	66-551	89.95
QUI	66-552	89.95
QUI	66-554	89.95
QUI	66-556	89.95
QUI	66-6275	14.95
QUI	66-700	21.95
QUI	66-752	52.95
QUI	66-754	24.95
QUI	66-756	32.95
QUI	66-757	27.95
QUI	66-850	6.95
QUI	66-852	8.95
QUI	66-854	9.95
QUI	66-856	10.95
QUI	66-858	12.49
QUI	66-860	13.95
QUI	66-908	8.95
QUI	66-914	19.95
QUI	66-920	17.95
QUI	66-922	49.95
QUI	66-923	56.95
QUI	66-925	28.95
QUI	66-927	30.95
QUI	66-929	30.95
QUI	66-931	56.95
QUI	66-933	49.95
QUI	66-934	12.95
QUI	66-936	18.95
QUI	66-937	35.95
QUI	66-938	35.95
QUI	66-9381	10.95
QUI	66-939	39.95
QUI	66-940	39.95
QUI	66-941	25.95
QUI	66-942	10.95
QUI	66-945	39.95
QUI	66-950	32.95
QUI	68-002	53.95
QUI	68-0021	53.95
QUI	68-0022	53.95
QUI	68-004	45.95
QUI	68-0041	45.95
QUI	68-0042	45.95
QUI	68-010	28.95
QUI	68-0109	16.95
QUI	68-012	39.95
QUI	68-0129	22.95
QUI	68-015	59.95
QUI	68-0159	38.95
QUI	71-322	8.95
QUI	71-332	10.95
QUI	71-342	13.95
QUI	71-362	18.95
QUI	75-070	17.25
QUI	75-075	17.45
QUI	75-080	17.7
QUI	75-085	17.95
QUI	75-090	18.15
QUI	75-095	18.4
QUI	75-100	18.65
QUI	75-105	18.85
QUI	75-110	19.1
QUI	75-115	19.3
QUI	75-120	19.55
QUI	75-125	19.8
QUI	75-130	20
QUI	75-135	20.25
QUI	75-140	20.5
QUI	75-145	20.75
QUI	75-150	20.95
QUI	75-155	21.2
QUI	75-160	21.45
QUI	75-165	21.65
QUI	75-170	21.9
QUI	75-175	22.3
QUI	75-180	22.7
QUI	75-185	23.05
QUI	75-190	23.45
QUI	75-195	23.85
QUI	75-200	24.25
QUI	75-205	24.65
QUI	75-210	25
QUI	75-215	25.45
QUI	75-220	25.8
QUI	75-225	26.2
QUI	75-230	26.95
QUI	75-235	27.75
QUI	75-240	28.55
QUI	75-250	29.35
QUI	75-260	30.1
QUI	75-270	30.9
QUI	75-280	31.7
QUI	75-290	32.5
QUI	75-300	33.25
QUI	75-310	34.05
QUI	75-320	34.85
QUI	75-330	35.6
QUI	75-340	36.4
QUI	75-350	37.15
QUI	75-360	37.95
QUI	75-370	38.35
QUI	75-380	39.55
QUI	75-390	40.3
QUI	75-400	41.05
QUI	75-410	41.85
QUI	75-420	42.65
QUI	75-430	43.45
QUI	75-440	44.25
QUI	75-600	69.95
